file_path,abs_path,label,display_name,country,split,width,height,orig_width,orig_height,source,source_url,sha256,created_at
train\pho\pho_00994e51f720.jpg,D:\Machine Learning project\sea_food_dataset\train\pho\pho_00994e51f720.jpg,pho,Phở,Vietnam,train,224,224,,,,,d70c1ddce007,
train\pho\pho_00b681acd218.jpg,D:\Machine Learning project\sea_food_dataset\train\pho\pho_00b681acd218.jpg,pho,Phở,Vietnam,train,224,224,,,,,a0fb48cba26d,
train\pho\pho_017f9c4ec72c.jpg,D:\Machine Learning project\sea_food_dataset\train\pho\pho_017f9c4ec72c.jpg,pho,Phở,Vietnam,train,224,224,,,,,c98475c3005e,
train\pho\pho_018af8ee5d3b.jpg,D:\Machine Learning project\sea_food_dataset\train\pho\pho_018af8ee5d3b.jpg,pho,Phở,Vietnam,train,224,224,,,,,e46de24161d1,
train\pho\pho_01ff1e2a5b38.jpg,D:\Machine Learning project\sea_food_dataset\train\pho\pho_01ff1e2a5b38.jpg,pho,Phở,Vietnam,train,224,224,,,,,d2592d9c6b2d,
train\pho\pho_0380f1cf9f22.jpg,D:\Machine Learning project\sea_food_dataset\train\pho\pho_0380f1cf9f22.jpg,pho,Phở,Vietnam,train,224,224,,,,,fb91ef210e07,
train\pho\pho_04155dc562c6.jpg,D:\Machine Learning project\sea_food_dataset\train\pho\pho_04155dc562c6.jpg,pho,Phở,Vietnam,train,224,224,,,,,f7a451dfbc8e,
train\pho\pho_0526b77f82d1.jpg,D:\Machine Learning project\sea_food_dataset\train\pho\pho_0526b77f82d1.jpg,pho,Phở,Vietnam,train,224,224,,,,,cfb0371d89d4,
train\pho\pho_067f9846ac54.jpg,D:\Machine Learning project\sea_food_dataset\train\pho\pho_067f9846ac54.jpg,pho,Phở,Vietnam,train,224,224,,,,,e656c55d531f,
train\pho\pho_070e4a7bb74b.jpg,D:\Machine Learning project\sea_food_dataset\train\pho\pho_070e4a7bb74b.jpg,pho,Phở,Vietnam,train,224,224,,,,,7f3cacb10037,
train\pho\pho_07a915268925.jpg,D:\Machine Learning project\sea_food_dataset\train\pho\pho_07a915268925.jpg,pho,Phở,Vietnam,train,224,224,,,,,aef81b099ff4,
train\pho\pho_0842e95816aa.jpg,D:\Machine Learning project\sea_food_dataset\train\pho\pho_0842e95816aa.jpg,pho,Phở,Vietnam,train,224,224,,,,,1d46c013641d,
train\pho\pho_0901e563e601.jpg,D:\Machine Learning project\sea_food_dataset\train\pho\pho_0901e563e601.jpg,pho,Phở,Vietnam,train,224,224,,,,,38fcf585c967,
train\pho\pho_0ae9342112ae.jpg,D:\Machine Learning project\sea_food_dataset\train\pho\pho_0ae9342112ae.jpg,pho,Phở,Vietnam,train,224,224,,,,,9fca341e71bf,
train\pho\pho_0c5ceeccbdd8.jpg,D:\Machine Learning project\sea_food_dataset\train\pho\pho_0c5ceeccbdd8.jpg,pho,Phở,Vietnam,train,224,224,,,,,b91aec4f32d6,
train\pho\pho_0c85951bd3df.jpg,D:\Machine Learning project\sea_food_dataset\train\pho\pho_0c85951bd3df.jpg,pho,Phở,Vietnam,train,224,224,,,,,69efe0040f8a,
train\pho\pho_0ca168d58e2b.jpg,D:\Machine Learning project\sea_food_dataset\train\pho\pho_0ca168d58e2b.jpg,pho,Phở,Vietnam,train,224,224,,,,,d1099e9f07b1,
train\pho\pho_0cba56edea71.jpg,D:\Machine Learning project\sea_food_dataset\train\pho\pho_0cba56edea71.jpg,pho,Phở,Vietnam,train,224,224,,,,,7797925f8144,
train\pho\pho_0e0fdaad9e08.jpg,D:\Machine Learning project\sea_food_dataset\train\pho\pho_0e0fdaad9e08.jpg,pho,Phở,Vietnam,train,224,224,,,,,123bd43e9faa,
train\pho\pho_0f0ccdd3a28b.jpg,D:\Machine Learning project\sea_food_dataset\train\pho\pho_0f0ccdd3a28b.jpg,pho,Phở,Vietnam,train,224,224,,,,,562644b76c46,
train\pho\pho_0fba9904b2dc.jpg,D:\Machine Learning project\sea_food_dataset\train\pho\pho_0fba9904b2dc.jpg,pho,Phở,Vietnam,train,224,224,,,,,1274141f83d9,
train\pho\pho_1008e619286f.jpg,D:\Machine Learning project\sea_food_dataset\train\pho\pho_1008e619286f.jpg,pho,Phở,Vietnam,train,224,224,,,,,658f5bb45002,
train\pho\pho_10299e770671.jpg,D:\Machine Learning project\sea_food_dataset\train\pho\pho_10299e770671.jpg,pho,Phở,Vietnam,train,224,224,,,,,d49c7b0d328d,
train\pho\pho_1102e8940cb5.jpg,D:\Machine Learning project\sea_food_dataset\train\pho\pho_1102e8940cb5.jpg,pho,Phở,Vietnam,train,224,224,,,,,e6e4e2cc0025,
train\pho\pho_117db9fc668c.jpg,D:\Machine Learning project\sea_food_dataset\train\pho\pho_117db9fc668c.jpg,pho,Phở,Vietnam,train,224,224,,,,,6d5f866331e3,
train\pho\pho_11b0b8d574ce.jpg,D:\Machine Learning project\sea_food_dataset\train\pho\pho_11b0b8d574ce.jpg,pho,Phở,Vietnam,train,224,224,,,,,9d5815b4f30c,
train\pho\pho_11bcc3be7f1c.jpg,D:\Machine Learning project\sea_food_dataset\train\pho\pho_11bcc3be7f1c.jpg,pho,Phở,Vietnam,train,224,224,,,,,0b283b5fe0dd,
train\pho\pho_1460bc653af5.jpg,D:\Machine Learning project\sea_food_dataset\train\pho\pho_1460bc653af5.jpg,pho,Phở,Vietnam,train,224,224,,,,,75015908a2be,
train\pho\pho_159cfdd57a9f.jpg,D:\Machine Learning project\sea_food_dataset\train\pho\pho_159cfdd57a9f.jpg,pho,Phở,Vietnam,train,224,224,,,,,12583965cc44,
train\pho\pho_182388ccef64.jpg,D:\Machine Learning project\sea_food_dataset\train\pho\pho_182388ccef64.jpg,pho,Phở,Vietnam,train,224,224,,,,,9802f2255f86,
train\pho\pho_191965a6a40b.jpg,D:\Machine Learning project\sea_food_dataset\train\pho\pho_191965a6a40b.jpg,pho,Phở,Vietnam,train,224,224,,,,,e326bb9c4107,
train\pho\pho_1922196bcef5.jpg,D:\Machine Learning project\sea_food_dataset\train\pho\pho_1922196bcef5.jpg,pho,Phở,Vietnam,train,224,224,,,,,4643c22a20e2,
train\pho\pho_197dc4c93756.jpg,D:\Machine Learning project\sea_food_dataset\train\pho\pho_197dc4c93756.jpg,pho,Phở,Vietnam,train,224,224,,,,,ee8eed24c838,
train\pho\pho_19ad31990d12.jpg,D:\Machine Learning project\sea_food_dataset\train\pho\pho_19ad31990d12.jpg,pho,Phở,Vietnam,train,224,224,,,,,1ed50238fbaf,
train\pho\pho_19d956a5ed92.jpg,D:\Machine Learning project\sea_food_dataset\train\pho\pho_19d956a5ed92.jpg,pho,Phở,Vietnam,train,224,224,,,,,b8ecee243714,
train\pho\pho_1a3c25b79e0c.jpg,D:\Machine Learning project\sea_food_dataset\train\pho\pho_1a3c25b79e0c.jpg,pho,Phở,Vietnam,train,224,224,,,,,9fc0840d05b6,
train\pho\pho_1b27e9bfebe7.jpg,D:\Machine Learning project\sea_food_dataset\train\pho\pho_1b27e9bfebe7.jpg,pho,Phở,Vietnam,train,224,224,,,,,2052e95e29bf,
train\pho\pho_1c776f46f861.jpg,D:\Machine Learning project\sea_food_dataset\train\pho\pho_1c776f46f861.jpg,pho,Phở,Vietnam,train,224,224,,,,,5d0b1da0418b,
train\pho\pho_1cecc4dfe18a.jpg,D:\Machine Learning project\sea_food_dataset\train\pho\pho_1cecc4dfe18a.jpg,pho,Phở,Vietnam,train,224,224,,,,,aa804c321449,
train\pho\pho_1d4fc69b5c8d.jpg,D:\Machine Learning project\sea_food_dataset\train\pho\pho_1d4fc69b5c8d.jpg,pho,Phở,Vietnam,train,224,224,,,,,49caf2018adb,
train\pho\pho_1e44644ff9fb.jpg,D:\Machine Learning project\sea_food_dataset\train\pho\pho_1e44644ff9fb.jpg,pho,Phở,Vietnam,train,224,224,,,,,9247205d00f9,
train\pho\pho_1e970bd42eb0.jpg,D:\Machine Learning project\sea_food_dataset\train\pho\pho_1e970bd42eb0.jpg,pho,Phở,Vietnam,train,224,224,,,,,e1fe4ce74cf1,
train\pho\pho_1ea2ec13c374.jpg,D:\Machine Learning project\sea_food_dataset\train\pho\pho_1ea2ec13c374.jpg,pho,Phở,Vietnam,train,224,224,,,,,f8daa144b8e5,
train\pho\pho_1f0aad150bb9.jpg,D:\Machine Learning project\sea_food_dataset\train\pho\pho_1f0aad150bb9.jpg,pho,Phở,Vietnam,train,224,224,,,,,849b6db41777,
train\pho\pho_1fa795035337.jpg,D:\Machine Learning project\sea_food_dataset\train\pho\pho_1fa795035337.jpg,pho,Phở,Vietnam,train,224,224,,,,,a987a745691a,
train\pho\pho_1fdf922ae63e.jpg,D:\Machine Learning project\sea_food_dataset\train\pho\pho_1fdf922ae63e.jpg,pho,Phở,Vietnam,train,224,224,,,,,ae0213377a91,
train\pho\pho_20000fdf5908.jpg,D:\Machine Learning project\sea_food_dataset\train\pho\pho_20000fdf5908.jpg,pho,Phở,Vietnam,train,224,224,,,,,b9a8c49f5c16,
train\pho\pho_20001e846429.jpg,D:\Machine Learning project\sea_food_dataset\train\pho\pho_20001e846429.jpg,pho,Phở,Vietnam,train,224,224,,,,,d0d64953dd6f,
train\pho\pho_20931685dcff.jpg,D:\Machine Learning project\sea_food_dataset\train\pho\pho_20931685dcff.jpg,pho,Phở,Vietnam,train,224,224,,,,,07efacdb82ec,
train\pho\pho_21a308334f69.jpg,D:\Machine Learning project\sea_food_dataset\train\pho\pho_21a308334f69.jpg,pho,Phở,Vietnam,train,224,224,,,,,05c6150b1122,
train\pho\pho_21bbc15ae183.jpg,D:\Machine Learning project\sea_food_dataset\train\pho\pho_21bbc15ae183.jpg,pho,Phở,Vietnam,train,224,224,,,,,adbbba7c7af7,
train\pho\pho_22fcee820cc1.jpg,D:\Machine Learning project\sea_food_dataset\train\pho\pho_22fcee820cc1.jpg,pho,Phở,Vietnam,train,224,224,,,,,97c60036e297,
train\pho\pho_23e71c87cc9b.jpg,D:\Machine Learning project\sea_food_dataset\train\pho\pho_23e71c87cc9b.jpg,pho,Phở,Vietnam,train,224,224,,,,,8dad63556940,
train\pho\pho_2414dc6e33b9.jpg,D:\Machine Learning project\sea_food_dataset\train\pho\pho_2414dc6e33b9.jpg,pho,Phở,Vietnam,train,224,224,,,,,a801fb384e70,
train\pho\pho_24b831492ed4.jpg,D:\Machine Learning project\sea_food_dataset\train\pho\pho_24b831492ed4.jpg,pho,Phở,Vietnam,train,224,224,,,,,f969e57556db,
train\pho\pho_251e8838f8cb.jpg,D:\Machine Learning project\sea_food_dataset\train\pho\pho_251e8838f8cb.jpg,pho,Phở,Vietnam,train,224,224,,,,,2a0df7c56737,
train\pho\pho_2612db284106.jpg,D:\Machine Learning project\sea_food_dataset\train\pho\pho_2612db284106.jpg,pho,Phở,Vietnam,train,224,224,,,,,0df81c438538,
train\pho\pho_27565c0c3fbf.jpg,D:\Machine Learning project\sea_food_dataset\train\pho\pho_27565c0c3fbf.jpg,pho,Phở,Vietnam,train,224,224,,,,,cac5ae1f90b8,
train\pho\pho_279c21dc1d25.jpg,D:\Machine Learning project\sea_food_dataset\train\pho\pho_279c21dc1d25.jpg,pho,Phở,Vietnam,train,224,224,,,,,ebc2e17b26ae,
train\pho\pho_27cb0644b534.jpg,D:\Machine Learning project\sea_food_dataset\train\pho\pho_27cb0644b534.jpg,pho,Phở,Vietnam,train,224,224,,,,,a0eacf263bce,
train\pho\pho_29d09ca141d9.jpg,D:\Machine Learning project\sea_food_dataset\train\pho\pho_29d09ca141d9.jpg,pho,Phở,Vietnam,train,224,224,,,,,ac4e57a91aa7,
train\pho\pho_2c01a9c160d6.jpg,D:\Machine Learning project\sea_food_dataset\train\pho\pho_2c01a9c160d6.jpg,pho,Phở,Vietnam,train,224,224,,,,,19928919e2d8,
train\pho\pho_2c28feda004a.jpg,D:\Machine Learning project\sea_food_dataset\train\pho\pho_2c28feda004a.jpg,pho,Phở,Vietnam,train,224,224,,,,,da22f0330e8d,
train\pho\pho_2eb337890871.jpg,D:\Machine Learning project\sea_food_dataset\train\pho\pho_2eb337890871.jpg,pho,Phở,Vietnam,train,224,224,,,,,73865542191a,
train\pho\pho_2fc4b9890452.jpg,D:\Machine Learning project\sea_food_dataset\train\pho\pho_2fc4b9890452.jpg,pho,Phở,Vietnam,train,224,224,,,,,5fb0afb8392d,
train\pho\pho_2fdef69c66a5.jpg,D:\Machine Learning project\sea_food_dataset\train\pho\pho_2fdef69c66a5.jpg,pho,Phở,Vietnam,train,224,224,,,,,222d571bbe24,
train\pho\pho_30a5caf608c9.jpg,D:\Machine Learning project\sea_food_dataset\train\pho\pho_30a5caf608c9.jpg,pho,Phở,Vietnam,train,224,224,,,,,c617d67feb73,
train\pho\pho_30f46ba895bc.jpg,D:\Machine Learning project\sea_food_dataset\train\pho\pho_30f46ba895bc.jpg,pho,Phở,Vietnam,train,224,224,,,,,7de096c7bbc1,
train\pho\pho_3176b247def9.jpg,D:\Machine Learning project\sea_food_dataset\train\pho\pho_3176b247def9.jpg,pho,Phở,Vietnam,train,224,224,,,,,8d116a88ba67,
train\pho\pho_322231d07133.jpg,D:\Machine Learning project\sea_food_dataset\train\pho\pho_322231d07133.jpg,pho,Phở,Vietnam,train,224,224,,,,,7eb07f257c0b,
train\pho\pho_326c3eea8439.jpg,D:\Machine Learning project\sea_food_dataset\train\pho\pho_326c3eea8439.jpg,pho,Phở,Vietnam,train,224,224,,,,,c34dd31dbeb9,
train\pho\pho_3290cc11abbb.jpg,D:\Machine Learning project\sea_food_dataset\train\pho\pho_3290cc11abbb.jpg,pho,Phở,Vietnam,train,224,224,,,,,eff4f9168862,
train\pho\pho_33da37af54af.jpg,D:\Machine Learning project\sea_food_dataset\train\pho\pho_33da37af54af.jpg,pho,Phở,Vietnam,train,224,224,,,,,85fcd7467f3e,
train\pho\pho_3578ed344c1a.jpg,D:\Machine Learning project\sea_food_dataset\train\pho\pho_3578ed344c1a.jpg,pho,Phở,Vietnam,train,224,224,,,,,3e4bb829130f,
train\pho\pho_3600475166f3.jpg,D:\Machine Learning project\sea_food_dataset\train\pho\pho_3600475166f3.jpg,pho,Phở,Vietnam,train,224,224,,,,,a5e70b448314,
train\pho\pho_36b54dcca22f.jpg,D:\Machine Learning project\sea_food_dataset\train\pho\pho_36b54dcca22f.jpg,pho,Phở,Vietnam,train,224,224,,,,,8a4ba25bc3ed,
train\pho\pho_372407846ba4.jpg,D:\Machine Learning project\sea_food_dataset\train\pho\pho_372407846ba4.jpg,pho,Phở,Vietnam,train,224,224,,,,,3c1a74bc0153,
train\pho\pho_375a6f1c35ac.jpg,D:\Machine Learning project\sea_food_dataset\train\pho\pho_375a6f1c35ac.jpg,pho,Phở,Vietnam,train,224,224,,,,,66b065d757db,
train\pho\pho_377c18a0f98f.jpg,D:\Machine Learning project\sea_food_dataset\train\pho\pho_377c18a0f98f.jpg,pho,Phở,Vietnam,train,224,224,,,,,c8a7a0f31512,
train\pho\pho_377cd20460a1.jpg,D:\Machine Learning project\sea_food_dataset\train\pho\pho_377cd20460a1.jpg,pho,Phở,Vietnam,train,224,224,,,,,5fc91509ed24,
train\pho\pho_3876b179d015.jpg,D:\Machine Learning project\sea_food_dataset\train\pho\pho_3876b179d015.jpg,pho,Phở,Vietnam,train,224,224,,,,,8bc6215770c8,
train\pho\pho_38dcb49b463e.jpg,D:\Machine Learning project\sea_food_dataset\train\pho\pho_38dcb49b463e.jpg,pho,Phở,Vietnam,train,224,224,,,,,4a7713277e29,
train\pho\pho_39308929bb27.jpg,D:\Machine Learning project\sea_food_dataset\train\pho\pho_39308929bb27.jpg,pho,Phở,Vietnam,train,224,224,,,,,539984b85fd6,
train\pho\pho_39f8568fefab.jpg,D:\Machine Learning project\sea_food_dataset\train\pho\pho_39f8568fefab.jpg,pho,Phở,Vietnam,train,224,224,,,,,2b7455530966,
train\pho\pho_3a92e2fa9b47.jpg,D:\Machine Learning project\sea_food_dataset\train\pho\pho_3a92e2fa9b47.jpg,pho,Phở,Vietnam,train,224,224,,,,,3c77dd7fc75a,
train\pho\pho_3b8b288d9b77.jpg,D:\Machine Learning project\sea_food_dataset\train\pho\pho_3b8b288d9b77.jpg,pho,Phở,Vietnam,train,224,224,,,,,d07c2b53d47a,
train\pho\pho_3ba6cf5deb30.jpg,D:\Machine Learning project\sea_food_dataset\train\pho\pho_3ba6cf5deb30.jpg,pho,Phở,Vietnam,train,224,224,,,,,495e69479d6b,
train\pho\pho_3bea8c153a8e.jpg,D:\Machine Learning project\sea_food_dataset\train\pho\pho_3bea8c153a8e.jpg,pho,Phở,Vietnam,train,224,224,,,,,ae77199fcfbf,
train\pho\pho_3c3c74226be2.jpg,D:\Machine Learning project\sea_food_dataset\train\pho\pho_3c3c74226be2.jpg,pho,Phở,Vietnam,train,224,224,,,,,26d7721ddad4,
train\pho\pho_3c8c78e06b07.jpg,D:\Machine Learning project\sea_food_dataset\train\pho\pho_3c8c78e06b07.jpg,pho,Phở,Vietnam,train,224,224,,,,,a99f73b9ac83,
train\pho\pho_3df6079c4137.jpg,D:\Machine Learning project\sea_food_dataset\train\pho\pho_3df6079c4137.jpg,pho,Phở,Vietnam,train,224,224,,,,,0b4844a89a43,
train\pho\pho_3e103d9ff187.jpg,D:\Machine Learning project\sea_food_dataset\train\pho\pho_3e103d9ff187.jpg,pho,Phở,Vietnam,train,224,224,,,,,c02f90e02b0f,
train\pho\pho_3eae1341f73a.jpg,D:\Machine Learning project\sea_food_dataset\train\pho\pho_3eae1341f73a.jpg,pho,Phở,Vietnam,train,224,224,,,,,bab69a7ecabc,
train\pho\pho_3edbd6041a98.jpg,D:\Machine Learning project\sea_food_dataset\train\pho\pho_3edbd6041a98.jpg,pho,Phở,Vietnam,train,224,224,,,,,30c7b1ed3833,
train\pho\pho_3f3a1df67ffb.jpg,D:\Machine Learning project\sea_food_dataset\train\pho\pho_3f3a1df67ffb.jpg,pho,Phở,Vietnam,train,224,224,,,,,334cba6f0117,
train\pho\pho_40daa992e961.jpg,D:\Machine Learning project\sea_food_dataset\train\pho\pho_40daa992e961.jpg,pho,Phở,Vietnam,train,224,224,,,,,9eaa869cabf4,
train\pho\pho_410faafe2f9c.jpg,D:\Machine Learning project\sea_food_dataset\train\pho\pho_410faafe2f9c.jpg,pho,Phở,Vietnam,train,224,224,,,,,3b7126d5ab6b,
train\pho\pho_41c95f030581.jpg,D:\Machine Learning project\sea_food_dataset\train\pho\pho_41c95f030581.jpg,pho,Phở,Vietnam,train,224,224,,,,,3bafa8825b03,
train\pho\pho_4237de1433e1.jpg,D:\Machine Learning project\sea_food_dataset\train\pho\pho_4237de1433e1.jpg,pho,Phở,Vietnam,train,224,224,,,,,60b166073647,
train\pho\pho_42527e959c6b.jpg,D:\Machine Learning project\sea_food_dataset\train\pho\pho_42527e959c6b.jpg,pho,Phở,Vietnam,train,224,224,,,,,c502a7797041,
train\pho\pho_42f51dbd3fc4.jpg,D:\Machine Learning project\sea_food_dataset\train\pho\pho_42f51dbd3fc4.jpg,pho,Phở,Vietnam,train,224,224,,,,,66ef3dc6743a,
train\pho\pho_437d740118dc.jpg,D:\Machine Learning project\sea_food_dataset\train\pho\pho_437d740118dc.jpg,pho,Phở,Vietnam,train,224,224,,,,,5ae1d6deaf27,
train\pho\pho_438b5e6eebdd.jpg,D:\Machine Learning project\sea_food_dataset\train\pho\pho_438b5e6eebdd.jpg,pho,Phở,Vietnam,train,224,224,,,,,6229fda71c9d,
train\pho\pho_44db821de280.jpg,D:\Machine Learning project\sea_food_dataset\train\pho\pho_44db821de280.jpg,pho,Phở,Vietnam,train,224,224,,,,,5b48521f365f,
train\pho\pho_44fbc1acf44d.jpg,D:\Machine Learning project\sea_food_dataset\train\pho\pho_44fbc1acf44d.jpg,pho,Phở,Vietnam,train,224,224,,,,,a9f961c643e1,
train\pho\pho_452608bc9c92.jpg,D:\Machine Learning project\sea_food_dataset\train\pho\pho_452608bc9c92.jpg,pho,Phở,Vietnam,train,224,224,,,,,86085f68b593,
train\pho\pho_452ba5d779a3.jpg,D:\Machine Learning project\sea_food_dataset\train\pho\pho_452ba5d779a3.jpg,pho,Phở,Vietnam,train,224,224,,,,,b3ac2ecd68be,
train\pho\pho_482bb415235c.jpg,D:\Machine Learning project\sea_food_dataset\train\pho\pho_482bb415235c.jpg,pho,Phở,Vietnam,train,224,224,,,,,075ce20403af,
train\pho\pho_487cd23f4bbb.jpg,D:\Machine Learning project\sea_food_dataset\train\pho\pho_487cd23f4bbb.jpg,pho,Phở,Vietnam,train,224,224,,,,,d22aaeb48dbc,
train\pho\pho_48ce2b93912e.jpg,D:\Machine Learning project\sea_food_dataset\train\pho\pho_48ce2b93912e.jpg,pho,Phở,Vietnam,train,224,224,,,,,5d3374629316,
train\pho\pho_490f7cf37309.jpg,D:\Machine Learning project\sea_food_dataset\train\pho\pho_490f7cf37309.jpg,pho,Phở,Vietnam,train,224,224,,,,,13ed6d9026bf,
train\pho\pho_49a15389837d.jpg,D:\Machine Learning project\sea_food_dataset\train\pho\pho_49a15389837d.jpg,pho,Phở,Vietnam,train,224,224,,,,,6b0cf28d28d0,
train\pho\pho_4a9e5d7d0126.jpg,D:\Machine Learning project\sea_food_dataset\train\pho\pho_4a9e5d7d0126.jpg,pho,Phở,Vietnam,train,224,224,,,,,fbd148bd7c74,
train\pho\pho_4bb3cba3cbba.jpg,D:\Machine Learning project\sea_food_dataset\train\pho\pho_4bb3cba3cbba.jpg,pho,Phở,Vietnam,train,224,224,,,,,fd6b0e28c5d6,
train\pho\pho_4c96cf6d0074.jpg,D:\Machine Learning project\sea_food_dataset\train\pho\pho_4c96cf6d0074.jpg,pho,Phở,Vietnam,train,224,224,,,,,2aa57dbb997c,
train\pho\pho_4dd5ae7c8d70.jpg,D:\Machine Learning project\sea_food_dataset\train\pho\pho_4dd5ae7c8d70.jpg,pho,Phở,Vietnam,train,224,224,,,,,e9c65dca0162,
train\pho\pho_4e0728a35e39.jpg,D:\Machine Learning project\sea_food_dataset\train\pho\pho_4e0728a35e39.jpg,pho,Phở,Vietnam,train,224,224,,,,,81d02122fddc,
train\pho\pho_4e122bf73b49.jpg,D:\Machine Learning project\sea_food_dataset\train\pho\pho_4e122bf73b49.jpg,pho,Phở,Vietnam,train,224,224,,,,,6d6e1ebce238,
train\pho\pho_4ebb772ccfa2.jpg,D:\Machine Learning project\sea_food_dataset\train\pho\pho_4ebb772ccfa2.jpg,pho,Phở,Vietnam,train,224,224,,,,,ffd34384c7ca,
train\pho\pho_4f91d10c96d4.jpg,D:\Machine Learning project\sea_food_dataset\train\pho\pho_4f91d10c96d4.jpg,pho,Phở,Vietnam,train,224,224,,,,,5131130a36e2,
train\pho\pho_51bcf93da8c1.jpg,D:\Machine Learning project\sea_food_dataset\train\pho\pho_51bcf93da8c1.jpg,pho,Phở,Vietnam,train,224,224,,,,,957d5125f707,
train\pho\pho_53ed8de33565.jpg,D:\Machine Learning project\sea_food_dataset\train\pho\pho_53ed8de33565.jpg,pho,Phở,Vietnam,train,224,224,,,,,aaf13bb9cc8e,
train\pho\pho_53fe5d6cc090.jpg,D:\Machine Learning project\sea_food_dataset\train\pho\pho_53fe5d6cc090.jpg,pho,Phở,Vietnam,train,224,224,,,,,9a7fda13f41f,
train\pho\pho_561d05674922.jpg,D:\Machine Learning project\sea_food_dataset\train\pho\pho_561d05674922.jpg,pho,Phở,Vietnam,train,224,224,,,,,1b9878dd0852,
train\pho\pho_56fec59288fc.jpg,D:\Machine Learning project\sea_food_dataset\train\pho\pho_56fec59288fc.jpg,pho,Phở,Vietnam,train,224,224,,,,,809c28de28b7,
train\pho\pho_57bc5b9737ae.jpg,D:\Machine Learning project\sea_food_dataset\train\pho\pho_57bc5b9737ae.jpg,pho,Phở,Vietnam,train,224,224,,,,,fce7c289d570,
train\pho\pho_57d6f2c148ca.jpg,D:\Machine Learning project\sea_food_dataset\train\pho\pho_57d6f2c148ca.jpg,pho,Phở,Vietnam,train,224,224,,,,,e364a2dbb5bd,
train\pho\pho_58a4442f45b2.jpg,D:\Machine Learning project\sea_food_dataset\train\pho\pho_58a4442f45b2.jpg,pho,Phở,Vietnam,train,224,224,,,,,2e82eea21e40,
train\pho\pho_5ad3fa3d54ac.jpg,D:\Machine Learning project\sea_food_dataset\train\pho\pho_5ad3fa3d54ac.jpg,pho,Phở,Vietnam,train,224,224,,,,,6aefb85699f5,
train\pho\pho_5b1f4f561d7b.jpg,D:\Machine Learning project\sea_food_dataset\train\pho\pho_5b1f4f561d7b.jpg,pho,Phở,Vietnam,train,224,224,,,,,53e0b22d5e73,
train\pho\pho_5c4febb60eb8.jpg,D:\Machine Learning project\sea_food_dataset\train\pho\pho_5c4febb60eb8.jpg,pho,Phở,Vietnam,train,224,224,,,,,bba54cab9b4b,
train\pho\pho_5d4c664722c3.jpg,D:\Machine Learning project\sea_food_dataset\train\pho\pho_5d4c664722c3.jpg,pho,Phở,Vietnam,train,224,224,,,,,895651371de5,
train\pho\pho_5ebf40d5a2d6.jpg,D:\Machine Learning project\sea_food_dataset\train\pho\pho_5ebf40d5a2d6.jpg,pho,Phở,Vietnam,train,224,224,,,,,6303a5e4c4ae,
train\pho\pho_5fa38d1fc4b9.jpg,D:\Machine Learning project\sea_food_dataset\train\pho\pho_5fa38d1fc4b9.jpg,pho,Phở,Vietnam,train,224,224,,,,,f172d6e68d47,
train\pho\pho_5faf6d3af67a.jpg,D:\Machine Learning project\sea_food_dataset\train\pho\pho_5faf6d3af67a.jpg,pho,Phở,Vietnam,train,224,224,,,,,1cc10b3fc064,
train\pho\pho_5fe75066199d.jpg,D:\Machine Learning project\sea_food_dataset\train\pho\pho_5fe75066199d.jpg,pho,Phở,Vietnam,train,224,224,,,,,77fa6d054855,
train\pho\pho_6159b9d4eec5.jpg,D:\Machine Learning project\sea_food_dataset\train\pho\pho_6159b9d4eec5.jpg,pho,Phở,Vietnam,train,224,224,,,,,19fd5257dde3,
train\pho\pho_63ab82ce4f7f.jpg,D:\Machine Learning project\sea_food_dataset\train\pho\pho_63ab82ce4f7f.jpg,pho,Phở,Vietnam,train,224,224,,,,,7848e4798729,
train\pho\pho_63e45ec3e3e4.jpg,D:\Machine Learning project\sea_food_dataset\train\pho\pho_63e45ec3e3e4.jpg,pho,Phở,Vietnam,train,224,224,,,,,1a659311c58b,
train\pho\pho_641ef1353456.jpg,D:\Machine Learning project\sea_food_dataset\train\pho\pho_641ef1353456.jpg,pho,Phở,Vietnam,train,224,224,,,,,185f225b0162,
train\pho\pho_64b4ccd02715.jpg,D:\Machine Learning project\sea_food_dataset\train\pho\pho_64b4ccd02715.jpg,pho,Phở,Vietnam,train,224,224,,,,,a9889d8c26ab,
train\pho\pho_65612ae4fd43.jpg,D:\Machine Learning project\sea_food_dataset\train\pho\pho_65612ae4fd43.jpg,pho,Phở,Vietnam,train,224,224,,,,,91dd99bd2633,
train\pho\pho_67807c2954fa.jpg,D:\Machine Learning project\sea_food_dataset\train\pho\pho_67807c2954fa.jpg,pho,Phở,Vietnam,train,224,224,,,,,31c32dee0891,
train\pho\pho_6810e5d777a0.jpg,D:\Machine Learning project\sea_food_dataset\train\pho\pho_6810e5d777a0.jpg,pho,Phở,Vietnam,train,224,224,,,,,d23dc1c35755,
train\pho\pho_6891f0adb21f.jpg,D:\Machine Learning project\sea_food_dataset\train\pho\pho_6891f0adb21f.jpg,pho,Phở,Vietnam,train,224,224,,,,,da9437f9684f,
train\pho\pho_69010700e67b.jpg,D:\Machine Learning project\sea_food_dataset\train\pho\pho_69010700e67b.jpg,pho,Phở,Vietnam,train,224,224,,,,,49dec3868ba4,
train\pho\pho_690293487731.jpg,D:\Machine Learning project\sea_food_dataset\train\pho\pho_690293487731.jpg,pho,Phở,Vietnam,train,224,224,,,,,4b41c50f2f7b,
train\pho\pho_696ba3de59a7.jpg,D:\Machine Learning project\sea_food_dataset\train\pho\pho_696ba3de59a7.jpg,pho,Phở,Vietnam,train,224,224,,,,,9820dffba47f,
train\pho\pho_6a082c818b1b.jpg,D:\Machine Learning project\sea_food_dataset\train\pho\pho_6a082c818b1b.jpg,pho,Phở,Vietnam,train,224,224,,,,,d4ed4eecface,
train\pho\pho_6a75244e2691.jpg,D:\Machine Learning project\sea_food_dataset\train\pho\pho_6a75244e2691.jpg,pho,Phở,Vietnam,train,224,224,,,,,9dc98cd0ad97,
train\pho\pho_6b098c8dc9fc.jpg,D:\Machine Learning project\sea_food_dataset\train\pho\pho_6b098c8dc9fc.jpg,pho,Phở,Vietnam,train,224,224,,,,,bb3150749049,
train\pho\pho_6b9d19e5488f.jpg,D:\Machine Learning project\sea_food_dataset\train\pho\pho_6b9d19e5488f.jpg,pho,Phở,Vietnam,train,224,224,,,,,546890fd457a,
train\pho\pho_6c85f853ff03.jpg,D:\Machine Learning project\sea_food_dataset\train\pho\pho_6c85f853ff03.jpg,pho,Phở,Vietnam,train,224,224,,,,,9bc1aa151b2f,
train\pho\pho_6e11ed313445.jpg,D:\Machine Learning project\sea_food_dataset\train\pho\pho_6e11ed313445.jpg,pho,Phở,Vietnam,train,224,224,,,,,57354bfade27,
train\pho\pho_6f08089eb42c.jpg,D:\Machine Learning project\sea_food_dataset\train\pho\pho_6f08089eb42c.jpg,pho,Phở,Vietnam,train,224,224,,,,,91fe7c03ab51,
train\pho\pho_7087a3c936d6.jpg,D:\Machine Learning project\sea_food_dataset\train\pho\pho_7087a3c936d6.jpg,pho,Phở,Vietnam,train,224,224,,,,,0e659d7664c7,
train\pho\pho_70a161b0faba.jpg,D:\Machine Learning project\sea_food_dataset\train\pho\pho_70a161b0faba.jpg,pho,Phở,Vietnam,train,224,224,,,,,6649762a2ad1,
train\pho\pho_70a4ae3b63a6.jpg,D:\Machine Learning project\sea_food_dataset\train\pho\pho_70a4ae3b63a6.jpg,pho,Phở,Vietnam,train,224,224,,,,,4e613cc2bc3b,
train\pho\pho_7381e7e1f021.jpg,D:\Machine Learning project\sea_food_dataset\train\pho\pho_7381e7e1f021.jpg,pho,Phở,Vietnam,train,224,224,,,,,b4674e89ae10,
train\pho\pho_73aa9324195a.jpg,D:\Machine Learning project\sea_food_dataset\train\pho\pho_73aa9324195a.jpg,pho,Phở,Vietnam,train,224,224,,,,,f6125e375da2,
train\pho\pho_73c36c7db9d6.jpg,D:\Machine Learning project\sea_food_dataset\train\pho\pho_73c36c7db9d6.jpg,pho,Phở,Vietnam,train,224,224,,,,,03ce977d99a4,
train\pho\pho_74ceadc4b46e.jpg,D:\Machine Learning project\sea_food_dataset\train\pho\pho_74ceadc4b46e.jpg,pho,Phở,Vietnam,train,224,224,,,,,6868049773ee,
train\pho\pho_75046ce842a8.jpg,D:\Machine Learning project\sea_food_dataset\train\pho\pho_75046ce842a8.jpg,pho,Phở,Vietnam,train,224,224,,,,,78a99ad3f01f,
train\pho\pho_75ae2dca274d.jpg,D:\Machine Learning project\sea_food_dataset\train\pho\pho_75ae2dca274d.jpg,pho,Phở,Vietnam,train,224,224,,,,,a9e182848231,
train\pho\pho_75e0f61fc7cf.jpg,D:\Machine Learning project\sea_food_dataset\train\pho\pho_75e0f61fc7cf.jpg,pho,Phở,Vietnam,train,224,224,,,,,12a9218eed9f,
train\pho\pho_7602e2e6c780.jpg,D:\Machine Learning project\sea_food_dataset\train\pho\pho_7602e2e6c780.jpg,pho,Phở,Vietnam,train,224,224,,,,,daaed0262ccf,
train\pho\pho_76f93d3945bc.jpg,D:\Machine Learning project\sea_food_dataset\train\pho\pho_76f93d3945bc.jpg,pho,Phở,Vietnam,train,224,224,,,,,e66acecb1ca5,
train\pho\pho_770514a6aa40.jpg,D:\Machine Learning project\sea_food_dataset\train\pho\pho_770514a6aa40.jpg,pho,Phở,Vietnam,train,224,224,,,,,a40b6cd2a749,
train\pho\pho_788df59acfcb.jpg,D:\Machine Learning project\sea_food_dataset\train\pho\pho_788df59acfcb.jpg,pho,Phở,Vietnam,train,224,224,,,,,c27fe1f095d8,
train\pho\pho_78a9a0b5781a.jpg,D:\Machine Learning project\sea_food_dataset\train\pho\pho_78a9a0b5781a.jpg,pho,Phở,Vietnam,train,224,224,,,,,f45fe5cf41a3,
train\pho\pho_78c6a01a8328.jpg,D:\Machine Learning project\sea_food_dataset\train\pho\pho_78c6a01a8328.jpg,pho,Phở,Vietnam,train,224,224,,,,,9368b9e8b925,
train\pho\pho_794b6fe6d283.jpg,D:\Machine Learning project\sea_food_dataset\train\pho\pho_794b6fe6d283.jpg,pho,Phở,Vietnam,train,224,224,,,,,3c400246545f,
train\pho\pho_797bab4973b7.jpg,D:\Machine Learning project\sea_food_dataset\train\pho\pho_797bab4973b7.jpg,pho,Phở,Vietnam,train,224,224,,,,,7f9688bbfe7a,
train\pho\pho_79d16432bbba.jpg,D:\Machine Learning project\sea_food_dataset\train\pho\pho_79d16432bbba.jpg,pho,Phở,Vietnam,train,224,224,,,,,df7569bc0ef4,
train\pho\pho_7b61bab8527a.jpg,D:\Machine Learning project\sea_food_dataset\train\pho\pho_7b61bab8527a.jpg,pho,Phở,Vietnam,train,224,224,,,,,fc530cb66c36,
train\pho\pho_7d2ce7b4c171.jpg,D:\Machine Learning project\sea_food_dataset\train\pho\pho_7d2ce7b4c171.jpg,pho,Phở,Vietnam,train,224,224,,,,,40a84e0cf615,
train\pho\pho_7ec507b387ee.jpg,D:\Machine Learning project\sea_food_dataset\train\pho\pho_7ec507b387ee.jpg,pho,Phở,Vietnam,train,224,224,,,,,b855bdb443d7,
train\pho\pho_7f057db108d6.jpg,D:\Machine Learning project\sea_food_dataset\train\pho\pho_7f057db108d6.jpg,pho,Phở,Vietnam,train,224,224,,,,,cfd9b8a1bfc5,
train\pho\pho_7fa560e76770.jpg,D:\Machine Learning project\sea_food_dataset\train\pho\pho_7fa560e76770.jpg,pho,Phở,Vietnam,train,224,224,,,,,cb5efa422ef8,
train\pho\pho_80aacb6623d9.jpg,D:\Machine Learning project\sea_food_dataset\train\pho\pho_80aacb6623d9.jpg,pho,Phở,Vietnam,train,224,224,,,,,a5fb669e7142,
train\pho\pho_810e05d6999b.jpg,D:\Machine Learning project\sea_food_dataset\train\pho\pho_810e05d6999b.jpg,pho,Phở,Vietnam,train,224,224,,,,,7372fb5aca78,
train\pho\pho_814414c30be2.jpg,D:\Machine Learning project\sea_food_dataset\train\pho\pho_814414c30be2.jpg,pho,Phở,Vietnam,train,224,224,,,,,a0ed9c42a399,
train\pho\pho_8198d8f0b561.jpg,D:\Machine Learning project\sea_food_dataset\train\pho\pho_8198d8f0b561.jpg,pho,Phở,Vietnam,train,224,224,,,,,b7539df513ab,
train\pho\pho_81b5607a2cb3.jpg,D:\Machine Learning project\sea_food_dataset\train\pho\pho_81b5607a2cb3.jpg,pho,Phở,Vietnam,train,224,224,,,,,40f9a01e31a5,
train\pho\pho_829a7d3868da.jpg,D:\Machine Learning project\sea_food_dataset\train\pho\pho_829a7d3868da.jpg,pho,Phở,Vietnam,train,224,224,,,,,146f40e7a6f4,
train\pho\pho_82d482092fc0.jpg,D:\Machine Learning project\sea_food_dataset\train\pho\pho_82d482092fc0.jpg,pho,Phở,Vietnam,train,224,224,,,,,12e610a66324,
train\pho\pho_8347d19ec179.jpg,D:\Machine Learning project\sea_food_dataset\train\pho\pho_8347d19ec179.jpg,pho,Phở,Vietnam,train,224,224,,,,,531d36fc29ec,
train\pho\pho_848dc5f010f2.jpg,D:\Machine Learning project\sea_food_dataset\train\pho\pho_848dc5f010f2.jpg,pho,Phở,Vietnam,train,224,224,,,,,b2cf628765a3,
train\pho\pho_856b47097ce4.jpg,D:\Machine Learning project\sea_food_dataset\train\pho\pho_856b47097ce4.jpg,pho,Phở,Vietnam,train,224,224,,,,,3bfe6f0f09fa,
train\pho\pho_86727b03b0dd.jpg,D:\Machine Learning project\sea_food_dataset\train\pho\pho_86727b03b0dd.jpg,pho,Phở,Vietnam,train,224,224,,,,,2a4433ba9b28,
train\pho\pho_87202bc0c054.jpg,D:\Machine Learning project\sea_food_dataset\train\pho\pho_87202bc0c054.jpg,pho,Phở,Vietnam,train,224,224,,,,,f87a24a26ca7,
train\pho\pho_872660531c70.jpg,D:\Machine Learning project\sea_food_dataset\train\pho\pho_872660531c70.jpg,pho,Phở,Vietnam,train,224,224,,,,,179bf64a7766,
train\pho\pho_8a242bfe08bc.jpg,D:\Machine Learning project\sea_food_dataset\train\pho\pho_8a242bfe08bc.jpg,pho,Phở,Vietnam,train,224,224,,,,,0b6265fe55cb,
train\pho\pho_8a440cb4ad4d.jpg,D:\Machine Learning project\sea_food_dataset\train\pho\pho_8a440cb4ad4d.jpg,pho,Phở,Vietnam,train,224,224,,,,,1569d19f0139,
train\pho\pho_8ab7a5323494.jpg,D:\Machine Learning project\sea_food_dataset\train\pho\pho_8ab7a5323494.jpg,pho,Phở,Vietnam,train,224,224,,,,,d56e2ef438da,
train\pho\pho_8b6897bf509e.jpg,D:\Machine Learning project\sea_food_dataset\train\pho\pho_8b6897bf509e.jpg,pho,Phở,Vietnam,train,224,224,,,,,0ba0a8dfd705,
train\pho\pho_8bb6116fb62f.jpg,D:\Machine Learning project\sea_food_dataset\train\pho\pho_8bb6116fb62f.jpg,pho,Phở,Vietnam,train,224,224,,,,,198db9099eb2,
train\pho\pho_8beffdff792c.jpg,D:\Machine Learning project\sea_food_dataset\train\pho\pho_8beffdff792c.jpg,pho,Phở,Vietnam,train,224,224,,,,,43a49f6a3928,
train\pho\pho_8cbe3647efa1.jpg,D:\Machine Learning project\sea_food_dataset\train\pho\pho_8cbe3647efa1.jpg,pho,Phở,Vietnam,train,224,224,,,,,d37a58613d44,
train\pho\pho_8e2d2d29c848.jpg,D:\Machine Learning project\sea_food_dataset\train\pho\pho_8e2d2d29c848.jpg,pho,Phở,Vietnam,train,224,224,,,,,b7725ea8e4ae,
train\pho\pho_8e844cb192d7.jpg,D:\Machine Learning project\sea_food_dataset\train\pho\pho_8e844cb192d7.jpg,pho,Phở,Vietnam,train,224,224,,,,,3504926d8009,
train\pho\pho_8f7d868880db.jpg,D:\Machine Learning project\sea_food_dataset\train\pho\pho_8f7d868880db.jpg,pho,Phở,Vietnam,train,224,224,,,,,eb67cee62eb5,
train\pho\pho_8ff4f6f041cc.jpg,D:\Machine Learning project\sea_food_dataset\train\pho\pho_8ff4f6f041cc.jpg,pho,Phở,Vietnam,train,224,224,,,,,dc33b87eeae9,
train\pho\pho_900d64c45fc0.jpg,D:\Machine Learning project\sea_food_dataset\train\pho\pho_900d64c45fc0.jpg,pho,Phở,Vietnam,train,224,224,,,,,0419690a0bf8,
train\pho\pho_907cc546020e.jpg,D:\Machine Learning project\sea_food_dataset\train\pho\pho_907cc546020e.jpg,pho,Phở,Vietnam,train,224,224,,,,,0feb84575f13,
train\pho\pho_920c32381ed7.jpg,D:\Machine Learning project\sea_food_dataset\train\pho\pho_920c32381ed7.jpg,pho,Phở,Vietnam,train,224,224,,,,,5db9aefe8fd2,
train\pho\pho_921e697a7b34.jpg,D:\Machine Learning project\sea_food_dataset\train\pho\pho_921e697a7b34.jpg,pho,Phở,Vietnam,train,224,224,,,,,626d7ff0428f,
train\pho\pho_92483c5e21ff.jpg,D:\Machine Learning project\sea_food_dataset\train\pho\pho_92483c5e21ff.jpg,pho,Phở,Vietnam,train,224,224,,,,,c7c22c699819,
train\pho\pho_92cf18856c5f.jpg,D:\Machine Learning project\sea_food_dataset\train\pho\pho_92cf18856c5f.jpg,pho,Phở,Vietnam,train,224,224,,,,,9870df7b0381,
train\pho\pho_95e3a84015b6.jpg,D:\Machine Learning project\sea_food_dataset\train\pho\pho_95e3a84015b6.jpg,pho,Phở,Vietnam,train,224,224,,,,,035e9914c4d6,
train\pho\pho_96b62783c150.jpg,D:\Machine Learning project\sea_food_dataset\train\pho\pho_96b62783c150.jpg,pho,Phở,Vietnam,train,224,224,,,,,0e9b15b1eeeb,
train\pho\pho_97e73eb7048f.jpg,D:\Machine Learning project\sea_food_dataset\train\pho\pho_97e73eb7048f.jpg,pho,Phở,Vietnam,train,224,224,,,,,b59d1eb12bc3,
train\pho\pho_97ec895e6441.jpg,D:\Machine Learning project\sea_food_dataset\train\pho\pho_97ec895e6441.jpg,pho,Phở,Vietnam,train,224,224,,,,,7085273d55e4,
train\pho\pho_9882e97b14d9.jpg,D:\Machine Learning project\sea_food_dataset\train\pho\pho_9882e97b14d9.jpg,pho,Phở,Vietnam,train,224,224,,,,,2c81f75966f0,
train\pho\pho_9918ae549f4d.jpg,D:\Machine Learning project\sea_food_dataset\train\pho\pho_9918ae549f4d.jpg,pho,Phở,Vietnam,train,224,224,,,,,4871067d7571,
train\pho\pho_99d8c04a1be6.jpg,D:\Machine Learning project\sea_food_dataset\train\pho\pho_99d8c04a1be6.jpg,pho,Phở,Vietnam,train,224,224,,,,,934d68dc632c,
train\pho\pho_9a42a4e3e8d9.jpg,D:\Machine Learning project\sea_food_dataset\train\pho\pho_9a42a4e3e8d9.jpg,pho,Phở,Vietnam,train,224,224,,,,,a6b990e369ab,
train\pho\pho_9c73aa854543.jpg,D:\Machine Learning project\sea_food_dataset\train\pho\pho_9c73aa854543.jpg,pho,Phở,Vietnam,train,224,224,,,,,52f16998bc0f,
train\pho\pho_9d8d660f4769.jpg,D:\Machine Learning project\sea_food_dataset\train\pho\pho_9d8d660f4769.jpg,pho,Phở,Vietnam,train,224,224,,,,,b3f3bf4c1767,
train\pho\pho_9dddc09c9685.jpg,D:\Machine Learning project\sea_food_dataset\train\pho\pho_9dddc09c9685.jpg,pho,Phở,Vietnam,train,224,224,,,,,a2a0c2a487b0,
train\pho\pho_9eedd641ebee.jpg,D:\Machine Learning project\sea_food_dataset\train\pho\pho_9eedd641ebee.jpg,pho,Phở,Vietnam,train,224,224,,,,,a71a4c84db30,
train\pho\pho_9f8d582d0f21.jpg,D:\Machine Learning project\sea_food_dataset\train\pho\pho_9f8d582d0f21.jpg,pho,Phở,Vietnam,train,224,224,,,,,61a88d377472,
train\pho\pho_9f9311dcb40a.jpg,D:\Machine Learning project\sea_food_dataset\train\pho\pho_9f9311dcb40a.jpg,pho,Phở,Vietnam,train,224,224,,,,,85c26426856d,
train\pho\pho_a078c4c1aae6.jpg,D:\Machine Learning project\sea_food_dataset\train\pho\pho_a078c4c1aae6.jpg,pho,Phở,Vietnam,train,224,224,,,,,0454d02b63c3,
train\pho\pho_a182fc6029e6.jpg,D:\Machine Learning project\sea_food_dataset\train\pho\pho_a182fc6029e6.jpg,pho,Phở,Vietnam,train,224,224,,,,,e90733842b2b,
train\pho\pho_a18dc6211d48.jpg,D:\Machine Learning project\sea_food_dataset\train\pho\pho_a18dc6211d48.jpg,pho,Phở,Vietnam,train,224,224,,,,,7da4cf688928,
train\pho\pho_a1e871c6f213.jpg,D:\Machine Learning project\sea_food_dataset\train\pho\pho_a1e871c6f213.jpg,pho,Phở,Vietnam,train,224,224,,,,,2fd5307e38f9,
train\pho\pho_a3036cc3d4ee.jpg,D:\Machine Learning project\sea_food_dataset\train\pho\pho_a3036cc3d4ee.jpg,pho,Phở,Vietnam,train,224,224,,,,,88f036647a9b,
train\pho\pho_a4d11c7c5c31.jpg,D:\Machine Learning project\sea_food_dataset\train\pho\pho_a4d11c7c5c31.jpg,pho,Phở,Vietnam,train,224,224,,,,,d1c23e5d8f96,
train\pho\pho_a4f2a32b2fa4.jpg,D:\Machine Learning project\sea_food_dataset\train\pho\pho_a4f2a32b2fa4.jpg,pho,Phở,Vietnam,train,224,224,,,,,75c821f51182,
train\pho\pho_a59ce5a0ffad.jpg,D:\Machine Learning project\sea_food_dataset\train\pho\pho_a59ce5a0ffad.jpg,pho,Phở,Vietnam,train,224,224,,,,,3ba7ea267349,
train\pho\pho_a808aa4c6783.jpg,D:\Machine Learning project\sea_food_dataset\train\pho\pho_a808aa4c6783.jpg,pho,Phở,Vietnam,train,224,224,,,,,914270c8ac4b,
train\pho\pho_a954e35c8274.jpg,D:\Machine Learning project\sea_food_dataset\train\pho\pho_a954e35c8274.jpg,pho,Phở,Vietnam,train,224,224,,,,,74adae27e43a,
train\pho\pho_a9749debd69c.jpg,D:\Machine Learning project\sea_food_dataset\train\pho\pho_a9749debd69c.jpg,pho,Phở,Vietnam,train,224,224,,,,,ab5269c19885,
train\pho\pho_ab0cc7d894f1.jpg,D:\Machine Learning project\sea_food_dataset\train\pho\pho_ab0cc7d894f1.jpg,pho,Phở,Vietnam,train,224,224,,,,,726db84bb7da,
train\pho\pho_ab3eb53416c8.jpg,D:\Machine Learning project\sea_food_dataset\train\pho\pho_ab3eb53416c8.jpg,pho,Phở,Vietnam,train,224,224,,,,,2799d80bc076,
train\pho\pho_ab5d8becc920.jpg,D:\Machine Learning project\sea_food_dataset\train\pho\pho_ab5d8becc920.jpg,pho,Phở,Vietnam,train,224,224,,,,,918fb8d62d99,
train\pho\pho_abdb9ed3c42b.jpg,D:\Machine Learning project\sea_food_dataset\train\pho\pho_abdb9ed3c42b.jpg,pho,Phở,Vietnam,train,224,224,,,,,e4bc7b284039,
train\pho\pho_ad6d0c1988d0.jpg,D:\Machine Learning project\sea_food_dataset\train\pho\pho_ad6d0c1988d0.jpg,pho,Phở,Vietnam,train,224,224,,,,,04250d8a6773,
train\pho\pho_ae9e849c8eaa.jpg,D:\Machine Learning project\sea_food_dataset\train\pho\pho_ae9e849c8eaa.jpg,pho,Phở,Vietnam,train,224,224,,,,,1a529f567384,
train\pho\pho_af92da13b29d.jpg,D:\Machine Learning project\sea_food_dataset\train\pho\pho_af92da13b29d.jpg,pho,Phở,Vietnam,train,224,224,,,,,ad7c8d8c8aa5,
train\pho\pho_b0144f82ae2d.jpg,D:\Machine Learning project\sea_food_dataset\train\pho\pho_b0144f82ae2d.jpg,pho,Phở,Vietnam,train,224,224,,,,,b963e6a35eb4,
train\pho\pho_b017c0c05242.jpg,D:\Machine Learning project\sea_food_dataset\train\pho\pho_b017c0c05242.jpg,pho,Phở,Vietnam,train,224,224,,,,,f7c033cba484,
train\pho\pho_b02062bd4191.jpg,D:\Machine Learning project\sea_food_dataset\train\pho\pho_b02062bd4191.jpg,pho,Phở,Vietnam,train,224,224,,,,,3b170be435d3,
train\pho\pho_b0253e719c29.jpg,D:\Machine Learning project\sea_food_dataset\train\pho\pho_b0253e719c29.jpg,pho,Phở,Vietnam,train,224,224,,,,,ba5c5ae1ad79,
train\pho\pho_b084900d6aec.jpg,D:\Machine Learning project\sea_food_dataset\train\pho\pho_b084900d6aec.jpg,pho,Phở,Vietnam,train,224,224,,,,,59ffc03fc06b,
train\pho\pho_b09c7509f5be.jpg,D:\Machine Learning project\sea_food_dataset\train\pho\pho_b09c7509f5be.jpg,pho,Phở,Vietnam,train,224,224,,,,,fe7311f954f9,
train\pho\pho_b21f51c44cc9.jpg,D:\Machine Learning project\sea_food_dataset\train\pho\pho_b21f51c44cc9.jpg,pho,Phở,Vietnam,train,224,224,,,,,45354268e388,
train\pho\pho_b376158fdca5.jpg,D:\Machine Learning project\sea_food_dataset\train\pho\pho_b376158fdca5.jpg,pho,Phở,Vietnam,train,224,224,,,,,501ab41fcdef,
train\pho\pho_b38585af6ce3.jpg,D:\Machine Learning project\sea_food_dataset\train\pho\pho_b38585af6ce3.jpg,pho,Phở,Vietnam,train,224,224,,,,,77b368343034,
train\pho\pho_b3e5c4ab240c.jpg,D:\Machine Learning project\sea_food_dataset\train\pho\pho_b3e5c4ab240c.jpg,pho,Phở,Vietnam,train,224,224,,,,,48a56de19a8f,
train\pho\pho_b40e7c41bace.jpg,D:\Machine Learning project\sea_food_dataset\train\pho\pho_b40e7c41bace.jpg,pho,Phở,Vietnam,train,224,224,,,,,e29a21570e05,
train\pho\pho_b45e40a05a87.jpg,D:\Machine Learning project\sea_food_dataset\train\pho\pho_b45e40a05a87.jpg,pho,Phở,Vietnam,train,224,224,,,,,abff82e7a06d,
train\pho\pho_b51211decb73.jpg,D:\Machine Learning project\sea_food_dataset\train\pho\pho_b51211decb73.jpg,pho,Phở,Vietnam,train,224,224,,,,,3f64fc04d075,
train\pho\pho_b55b07cbdaf8.jpg,D:\Machine Learning project\sea_food_dataset\train\pho\pho_b55b07cbdaf8.jpg,pho,Phở,Vietnam,train,224,224,,,,,323e7ac19c1e,
train\pho\pho_b5a62d312b42.jpg,D:\Machine Learning project\sea_food_dataset\train\pho\pho_b5a62d312b42.jpg,pho,Phở,Vietnam,train,224,224,,,,,f8579375dcc9,
train\pho\pho_b5fd65ba7689.jpg,D:\Machine Learning project\sea_food_dataset\train\pho\pho_b5fd65ba7689.jpg,pho,Phở,Vietnam,train,224,224,,,,,3d4afa2183d4,
train\pho\pho_b61555ee3ec8.jpg,D:\Machine Learning project\sea_food_dataset\train\pho\pho_b61555ee3ec8.jpg,pho,Phở,Vietnam,train,224,224,,,,,0cda272d36af,
train\pho\pho_b82f01086429.jpg,D:\Machine Learning project\sea_food_dataset\train\pho\pho_b82f01086429.jpg,pho,Phở,Vietnam,train,224,224,,,,,403b1dd4fca2,
train\pho\pho_b88134448ba7.jpg,D:\Machine Learning project\sea_food_dataset\train\pho\pho_b88134448ba7.jpg,pho,Phở,Vietnam,train,224,224,,,,,f1c935142c4a,
train\pho\pho_b8ccc03b85a3.jpg,D:\Machine Learning project\sea_food_dataset\train\pho\pho_b8ccc03b85a3.jpg,pho,Phở,Vietnam,train,224,224,,,,,a771bbde0b3e,
train\pho\pho_b96412492f37.jpg,D:\Machine Learning project\sea_food_dataset\train\pho\pho_b96412492f37.jpg,pho,Phở,Vietnam,train,224,224,,,,,230060ad333d,
train\pho\pho_ba32e9bffdce.jpg,D:\Machine Learning project\sea_food_dataset\train\pho\pho_ba32e9bffdce.jpg,pho,Phở,Vietnam,train,224,224,,,,,5c3ef1b26745,
train\pho\pho_bbfa5ede92d5.jpg,D:\Machine Learning project\sea_food_dataset\train\pho\pho_bbfa5ede92d5.jpg,pho,Phở,Vietnam,train,224,224,,,,,58aa2c45122d,
train\pho\pho_bc0fa272fb59.jpg,D:\Machine Learning project\sea_food_dataset\train\pho\pho_bc0fa272fb59.jpg,pho,Phở,Vietnam,train,224,224,,,,,1d186448eb77,
train\pho\pho_bc9591c8aeb3.jpg,D:\Machine Learning project\sea_food_dataset\train\pho\pho_bc9591c8aeb3.jpg,pho,Phở,Vietnam,train,224,224,,,,,bdfd0a413b27,
train\pho\pho_bd9ef7199630.jpg,D:\Machine Learning project\sea_food_dataset\train\pho\pho_bd9ef7199630.jpg,pho,Phở,Vietnam,train,224,224,,,,,c3b0aeb5ffa9,
train\pho\pho_bdacb4c5478c.jpg,D:\Machine Learning project\sea_food_dataset\train\pho\pho_bdacb4c5478c.jpg,pho,Phở,Vietnam,train,224,224,,,,,7f2de3d69b5b,
train\pho\pho_bfcab60e3b87.jpg,D:\Machine Learning project\sea_food_dataset\train\pho\pho_bfcab60e3b87.jpg,pho,Phở,Vietnam,train,224,224,,,,,f074ef569354,
train\pho\pho_c1b9ec972a6f.jpg,D:\Machine Learning project\sea_food_dataset\train\pho\pho_c1b9ec972a6f.jpg,pho,Phở,Vietnam,train,224,224,,,,,d6227a11a39e,
train\pho\pho_c1c972c073b9.jpg,D:\Machine Learning project\sea_food_dataset\train\pho\pho_c1c972c073b9.jpg,pho,Phở,Vietnam,train,224,224,,,,,434410e93b63,
train\pho\pho_c2b2351706dc.jpg,D:\Machine Learning project\sea_food_dataset\train\pho\pho_c2b2351706dc.jpg,pho,Phở,Vietnam,train,224,224,,,,,050adb71ed9b,
train\pho\pho_c2e31a4aef40.jpg,D:\Machine Learning project\sea_food_dataset\train\pho\pho_c2e31a4aef40.jpg,pho,Phở,Vietnam,train,224,224,,,,,91e328de1f40,
train\pho\pho_c308c6966da4.jpg,D:\Machine Learning project\sea_food_dataset\train\pho\pho_c308c6966da4.jpg,pho,Phở,Vietnam,train,224,224,,,,,31f34bc6873d,
train\pho\pho_c310e61ed354.jpg,D:\Machine Learning project\sea_food_dataset\train\pho\pho_c310e61ed354.jpg,pho,Phở,Vietnam,train,224,224,,,,,94a15f77b42e,
train\pho\pho_c3e04957d50a.jpg,D:\Machine Learning project\sea_food_dataset\train\pho\pho_c3e04957d50a.jpg,pho,Phở,Vietnam,train,224,224,,,,,f454832c2e85,
train\pho\pho_c4cc5424162b.jpg,D:\Machine Learning project\sea_food_dataset\train\pho\pho_c4cc5424162b.jpg,pho,Phở,Vietnam,train,224,224,,,,,3a9ed8d9d6ad,
train\pho\pho_c52c732e3797.jpg,D:\Machine Learning project\sea_food_dataset\train\pho\pho_c52c732e3797.jpg,pho,Phở,Vietnam,train,224,224,,,,,a57dd31a141b,
train\pho\pho_c55bc04b5ddb.jpg,D:\Machine Learning project\sea_food_dataset\train\pho\pho_c55bc04b5ddb.jpg,pho,Phở,Vietnam,train,224,224,,,,,607b9a1076bd,
train\pho\pho_c71a023949f1.jpg,D:\Machine Learning project\sea_food_dataset\train\pho\pho_c71a023949f1.jpg,pho,Phở,Vietnam,train,224,224,,,,,57419f4d92ee,
train\pho\pho_c772f5c14b3d.jpg,D:\Machine Learning project\sea_food_dataset\train\pho\pho_c772f5c14b3d.jpg,pho,Phở,Vietnam,train,224,224,,,,,169d4409e916,
train\pho\pho_c7f290106773.jpg,D:\Machine Learning project\sea_food_dataset\train\pho\pho_c7f290106773.jpg,pho,Phở,Vietnam,train,224,224,,,,,107168c9206b,
train\pho\pho_c825b0711fff.jpg,D:\Machine Learning project\sea_food_dataset\train\pho\pho_c825b0711fff.jpg,pho,Phở,Vietnam,train,224,224,,,,,576f77ac48cb,
train\pho\pho_c84fb31558a1.jpg,D:\Machine Learning project\sea_food_dataset\train\pho\pho_c84fb31558a1.jpg,pho,Phở,Vietnam,train,224,224,,,,,e2e2e2f7e03a,
train\pho\pho_c874e6b31b7b.jpg,D:\Machine Learning project\sea_food_dataset\train\pho\pho_c874e6b31b7b.jpg,pho,Phở,Vietnam,train,224,224,,,,,10d0f23a8f87,
train\pho\pho_c8efe65841db.jpg,D:\Machine Learning project\sea_food_dataset\train\pho\pho_c8efe65841db.jpg,pho,Phở,Vietnam,train,224,224,,,,,a3f3c9e1b21a,
train\pho\pho_c9135f58ec18.jpg,D:\Machine Learning project\sea_food_dataset\train\pho\pho_c9135f58ec18.jpg,pho,Phở,Vietnam,train,224,224,,,,,0b9ff750108d,
train\pho\pho_c9d2bb83f478.jpg,D:\Machine Learning project\sea_food_dataset\train\pho\pho_c9d2bb83f478.jpg,pho,Phở,Vietnam,train,224,224,,,,,76d7ed781885,
train\pho\pho_caa5fbb32f1b.jpg,D:\Machine Learning project\sea_food_dataset\train\pho\pho_caa5fbb32f1b.jpg,pho,Phở,Vietnam,train,224,224,,,,,0ae3fdcc9d79,
train\pho\pho_cafd55a7f3b6.jpg,D:\Machine Learning project\sea_food_dataset\train\pho\pho_cafd55a7f3b6.jpg,pho,Phở,Vietnam,train,224,224,,,,,66191da6c96e,
train\pho\pho_cb61830460fe.jpg,D:\Machine Learning project\sea_food_dataset\train\pho\pho_cb61830460fe.jpg,pho,Phở,Vietnam,train,224,224,,,,,f4b37a6e7c32,
train\pho\pho_cb75f4a64e1b.jpg,D:\Machine Learning project\sea_food_dataset\train\pho\pho_cb75f4a64e1b.jpg,pho,Phở,Vietnam,train,224,224,,,,,6a276b16f68c,
train\pho\pho_cb899dc2b7b8.jpg,D:\Machine Learning project\sea_food_dataset\train\pho\pho_cb899dc2b7b8.jpg,pho,Phở,Vietnam,train,224,224,,,,,b1ad20ccb25e,
train\pho\pho_cbdbe936370f.jpg,D:\Machine Learning project\sea_food_dataset\train\pho\pho_cbdbe936370f.jpg,pho,Phở,Vietnam,train,224,224,,,,,176a8acfaab5,
train\pho\pho_cbfd54978bfc.jpg,D:\Machine Learning project\sea_food_dataset\train\pho\pho_cbfd54978bfc.jpg,pho,Phở,Vietnam,train,224,224,,,,,3211c8857d60,
train\pho\pho_ccf0bfa974d5.jpg,D:\Machine Learning project\sea_food_dataset\train\pho\pho_ccf0bfa974d5.jpg,pho,Phở,Vietnam,train,224,224,,,,,aaaab43a9590,
train\pho\pho_ce2301a98703.jpg,D:\Machine Learning project\sea_food_dataset\train\pho\pho_ce2301a98703.jpg,pho,Phở,Vietnam,train,224,224,,,,,23aa9c51551d,
train\pho\pho_ce29ccc0db7b.jpg,D:\Machine Learning project\sea_food_dataset\train\pho\pho_ce29ccc0db7b.jpg,pho,Phở,Vietnam,train,224,224,,,,,661aebd4d92e,
train\pho\pho_cf46c4e90150.jpg,D:\Machine Learning project\sea_food_dataset\train\pho\pho_cf46c4e90150.jpg,pho,Phở,Vietnam,train,224,224,,,,,305b26a22cd2,
train\pho\pho_cf680667d9d0.jpg,D:\Machine Learning project\sea_food_dataset\train\pho\pho_cf680667d9d0.jpg,pho,Phở,Vietnam,train,224,224,,,,,334c812434cf,
train\pho\pho_cfc9091d5c5a.jpg,D:\Machine Learning project\sea_food_dataset\train\pho\pho_cfc9091d5c5a.jpg,pho,Phở,Vietnam,train,224,224,,,,,e47cd212d28e,
train\pho\pho_d1180789b0ec.jpg,D:\Machine Learning project\sea_food_dataset\train\pho\pho_d1180789b0ec.jpg,pho,Phở,Vietnam,train,224,224,,,,,6442f22d49ba,
train\pho\pho_d1fd625e0268.jpg,D:\Machine Learning project\sea_food_dataset\train\pho\pho_d1fd625e0268.jpg,pho,Phở,Vietnam,train,224,224,,,,,79d1ae01d238,
train\pho\pho_d23558a1bd25.jpg,D:\Machine Learning project\sea_food_dataset\train\pho\pho_d23558a1bd25.jpg,pho,Phở,Vietnam,train,224,224,,,,,8cb17cf20a1c,
train\pho\pho_d23d2bc51594.jpg,D:\Machine Learning project\sea_food_dataset\train\pho\pho_d23d2bc51594.jpg,pho,Phở,Vietnam,train,224,224,,,,,b724ce8f87f5,
train\pho\pho_d40f5763ff6c.jpg,D:\Machine Learning project\sea_food_dataset\train\pho\pho_d40f5763ff6c.jpg,pho,Phở,Vietnam,train,224,224,,,,,483a8b4b34f4,
train\pho\pho_d41003425610.jpg,D:\Machine Learning project\sea_food_dataset\train\pho\pho_d41003425610.jpg,pho,Phở,Vietnam,train,224,224,,,,,77f3cdb63307,
train\pho\pho_d417a555475d.jpg,D:\Machine Learning project\sea_food_dataset\train\pho\pho_d417a555475d.jpg,pho,Phở,Vietnam,train,224,224,,,,,9d82e7ba2788,
train\pho\pho_d509226eb2f0.jpg,D:\Machine Learning project\sea_food_dataset\train\pho\pho_d509226eb2f0.jpg,pho,Phở,Vietnam,train,224,224,,,,,ee25df7f43df,
train\pho\pho_d5670eff68f5.jpg,D:\Machine Learning project\sea_food_dataset\train\pho\pho_d5670eff68f5.jpg,pho,Phở,Vietnam,train,224,224,,,,,b604a945a387,
train\pho\pho_d7b67ae24add.jpg,D:\Machine Learning project\sea_food_dataset\train\pho\pho_d7b67ae24add.jpg,pho,Phở,Vietnam,train,224,224,,,,,16be1d7e985a,
train\pho\pho_d7ee0cbc1469.jpg,D:\Machine Learning project\sea_food_dataset\train\pho\pho_d7ee0cbc1469.jpg,pho,Phở,Vietnam,train,224,224,,,,,d897ebb40885,
train\pho\pho_d9bca097b1d2.jpg,D:\Machine Learning project\sea_food_dataset\train\pho\pho_d9bca097b1d2.jpg,pho,Phở,Vietnam,train,224,224,,,,,f41de26491f1,
train\pho\pho_da33cf9b75a7.jpg,D:\Machine Learning project\sea_food_dataset\train\pho\pho_da33cf9b75a7.jpg,pho,Phở,Vietnam,train,224,224,,,,,1593376035ef,
train\pho\pho_db01d603f54f.jpg,D:\Machine Learning project\sea_food_dataset\train\pho\pho_db01d603f54f.jpg,pho,Phở,Vietnam,train,224,224,,,,,2fe51d4ba0b7,
train\pho\pho_db549da1f30f.jpg,D:\Machine Learning project\sea_food_dataset\train\pho\pho_db549da1f30f.jpg,pho,Phở,Vietnam,train,224,224,,,,,560cf1537373,
train\pho\pho_dcd52c7a9b3c.jpg,D:\Machine Learning project\sea_food_dataset\train\pho\pho_dcd52c7a9b3c.jpg,pho,Phở,Vietnam,train,224,224,,,,,c8ddad6f4d7b,
train\pho\pho_dd19af0ed7f3.jpg,D:\Machine Learning project\sea_food_dataset\train\pho\pho_dd19af0ed7f3.jpg,pho,Phở,Vietnam,train,224,224,,,,,76a4ff1da7ff,
train\pho\pho_de27b303b7ec.jpg,D:\Machine Learning project\sea_food_dataset\train\pho\pho_de27b303b7ec.jpg,pho,Phở,Vietnam,train,224,224,,,,,4eecd40ad2b4,
train\pho\pho_df22f89b6686.jpg,D:\Machine Learning project\sea_food_dataset\train\pho\pho_df22f89b6686.jpg,pho,Phở,Vietnam,train,224,224,,,,,698f5eaa61f4,
train\pho\pho_df2d65f1a2c0.jpg,D:\Machine Learning project\sea_food_dataset\train\pho\pho_df2d65f1a2c0.jpg,pho,Phở,Vietnam,train,224,224,,,,,90660b6354ae,
train\pho\pho_e0f7e55e690a.jpg,D:\Machine Learning project\sea_food_dataset\train\pho\pho_e0f7e55e690a.jpg,pho,Phở,Vietnam,train,224,224,,,,,cf6b40283994,
train\pho\pho_e2844b212753.jpg,D:\Machine Learning project\sea_food_dataset\train\pho\pho_e2844b212753.jpg,pho,Phở,Vietnam,train,224,224,,,,,6b88720eb577,
train\pho\pho_e2a13a80c976.jpg,D:\Machine Learning project\sea_food_dataset\train\pho\pho_e2a13a80c976.jpg,pho,Phở,Vietnam,train,224,224,,,,,c553b3ff0551,
train\pho\pho_e391b5ba813a.jpg,D:\Machine Learning project\sea_food_dataset\train\pho\pho_e391b5ba813a.jpg,pho,Phở,Vietnam,train,224,224,,,,,1b8ab626c363,
train\pho\pho_e5e689888ae9.jpg,D:\Machine Learning project\sea_food_dataset\train\pho\pho_e5e689888ae9.jpg,pho,Phở,Vietnam,train,224,224,,,,,b64baf23b6db,
train\pho\pho_e8c3cd57967b.jpg,D:\Machine Learning project\sea_food_dataset\train\pho\pho_e8c3cd57967b.jpg,pho,Phở,Vietnam,train,224,224,,,,,286db65bc01d,
train\pho\pho_e8cac42cc29c.jpg,D:\Machine Learning project\sea_food_dataset\train\pho\pho_e8cac42cc29c.jpg,pho,Phở,Vietnam,train,224,224,,,,,96ebe705d6f0,
train\pho\pho_e8eac9d5b5fe.jpg,D:\Machine Learning project\sea_food_dataset\train\pho\pho_e8eac9d5b5fe.jpg,pho,Phở,Vietnam,train,224,224,,,,,9ae5879a0da8,
train\pho\pho_e8f3c51854be.jpg,D:\Machine Learning project\sea_food_dataset\train\pho\pho_e8f3c51854be.jpg,pho,Phở,Vietnam,train,224,224,,,,,000003794003,
train\pho\pho_e9176c6a6f30.jpg,D:\Machine Learning project\sea_food_dataset\train\pho\pho_e9176c6a6f30.jpg,pho,Phở,Vietnam,train,224,224,,,,,18e7f8a6eaf5,
train\pho\pho_e923ffa88f44.jpg,D:\Machine Learning project\sea_food_dataset\train\pho\pho_e923ffa88f44.jpg,pho,Phở,Vietnam,train,224,224,,,,,0e41a69d7095,
train\pho\pho_e95c559064ea.jpg,D:\Machine Learning project\sea_food_dataset\train\pho\pho_e95c559064ea.jpg,pho,Phở,Vietnam,train,224,224,,,,,82ba52ba9e31,
train\pho\pho_e9b8a8cde233.jpg,D:\Machine Learning project\sea_food_dataset\train\pho\pho_e9b8a8cde233.jpg,pho,Phở,Vietnam,train,224,224,,,,,300d1eec2aa9,
train\pho\pho_e9f8419b8e08.jpg,D:\Machine Learning project\sea_food_dataset\train\pho\pho_e9f8419b8e08.jpg,pho,Phở,Vietnam,train,224,224,,,,,0f7ea3c7ad83,
train\pho\pho_eacab5b336aa.jpg,D:\Machine Learning project\sea_food_dataset\train\pho\pho_eacab5b336aa.jpg,pho,Phở,Vietnam,train,224,224,,,,,de9f01c61ce1,
train\pho\pho_ead2b7bc1069.jpg,D:\Machine Learning project\sea_food_dataset\train\pho\pho_ead2b7bc1069.jpg,pho,Phở,Vietnam,train,224,224,,,,,47298bf8af05,
train\pho\pho_eaf5b2dfb0fe.jpg,D:\Machine Learning project\sea_food_dataset\train\pho\pho_eaf5b2dfb0fe.jpg,pho,Phở,Vietnam,train,224,224,,,,,1614f1e23821,
train\pho\pho_eb34129c39e2.jpg,D:\Machine Learning project\sea_food_dataset\train\pho\pho_eb34129c39e2.jpg,pho,Phở,Vietnam,train,224,224,,,,,948167e258c6,
train\pho\pho_ecbd4d10e311.jpg,D:\Machine Learning project\sea_food_dataset\train\pho\pho_ecbd4d10e311.jpg,pho,Phở,Vietnam,train,224,224,,,,,2c4958715de2,
train\pho\pho_ece1c7633cea.jpg,D:\Machine Learning project\sea_food_dataset\train\pho\pho_ece1c7633cea.jpg,pho,Phở,Vietnam,train,224,224,,,,,373e1c752545,
train\pho\pho_ed5e898af26d.jpg,D:\Machine Learning project\sea_food_dataset\train\pho\pho_ed5e898af26d.jpg,pho,Phở,Vietnam,train,224,224,,,,,3f4133a2db26,
train\pho\pho_ed5ee8963316.jpg,D:\Machine Learning project\sea_food_dataset\train\pho\pho_ed5ee8963316.jpg,pho,Phở,Vietnam,train,224,224,,,,,ae5451015796,
train\pho\pho_edd07c97b29e.jpg,D:\Machine Learning project\sea_food_dataset\train\pho\pho_edd07c97b29e.jpg,pho,Phở,Vietnam,train,224,224,,,,,bbf1dd0849ed,
train\pho\pho_eed8bdd63758.jpg,D:\Machine Learning project\sea_food_dataset\train\pho\pho_eed8bdd63758.jpg,pho,Phở,Vietnam,train,224,224,,,,,7a740df1cf6f,
train\pho\pho_ef6f8e3118b8.jpg,D:\Machine Learning project\sea_food_dataset\train\pho\pho_ef6f8e3118b8.jpg,pho,Phở,Vietnam,train,224,224,,,,,58cbb78e5d07,
train\pho\pho_f1190f6e14b2.jpg,D:\Machine Learning project\sea_food_dataset\train\pho\pho_f1190f6e14b2.jpg,pho,Phở,Vietnam,train,224,224,,,,,eb63fa81c613,
train\pho\pho_f263e4ec529e.jpg,D:\Machine Learning project\sea_food_dataset\train\pho\pho_f263e4ec529e.jpg,pho,Phở,Vietnam,train,224,224,,,,,479cbe93575d,
train\pho\pho_f28ae255baaf.jpg,D:\Machine Learning project\sea_food_dataset\train\pho\pho_f28ae255baaf.jpg,pho,Phở,Vietnam,train,224,224,,,,,98f4bd1e781a,
train\pho\pho_f3ddda64b66d.jpg,D:\Machine Learning project\sea_food_dataset\train\pho\pho_f3ddda64b66d.jpg,pho,Phở,Vietnam,train,224,224,,,,,dd6efa67b784,
train\pho\pho_f4a8dca2a4fa.jpg,D:\Machine Learning project\sea_food_dataset\train\pho\pho_f4a8dca2a4fa.jpg,pho,Phở,Vietnam,train,224,224,,,,,5d4171edd13b,
train\pho\pho_f5065bc0c384.jpg,D:\Machine Learning project\sea_food_dataset\train\pho\pho_f5065bc0c384.jpg,pho,Phở,Vietnam,train,224,224,,,,,afb44dddd50f,
train\pho\pho_f5157c2c3098.jpg,D:\Machine Learning project\sea_food_dataset\train\pho\pho_f5157c2c3098.jpg,pho,Phở,Vietnam,train,224,224,,,,,d7379d4f629e,
train\pho\pho_f574332655a1.jpg,D:\Machine Learning project\sea_food_dataset\train\pho\pho_f574332655a1.jpg,pho,Phở,Vietnam,train,224,224,,,,,8e67431bc9dc,
train\pho\pho_f604d54efe7e.jpg,D:\Machine Learning project\sea_food_dataset\train\pho\pho_f604d54efe7e.jpg,pho,Phở,Vietnam,train,224,224,,,,,590fdc45728c,
train\pho\pho_f891e25947a8.jpg,D:\Machine Learning project\sea_food_dataset\train\pho\pho_f891e25947a8.jpg,pho,Phở,Vietnam,train,224,224,,,,,ae271360e187,
train\pho\pho_f8ccca1cf302.jpg,D:\Machine Learning project\sea_food_dataset\train\pho\pho_f8ccca1cf302.jpg,pho,Phở,Vietnam,train,224,224,,,,,dd7caa279b94,
train\pho\pho_f9349c0b9273.jpg,D:\Machine Learning project\sea_food_dataset\train\pho\pho_f9349c0b9273.jpg,pho,Phở,Vietnam,train,224,224,,,,,a6b7e104ddb6,
train\pho\pho_f9ac5144756a.jpg,D:\Machine Learning project\sea_food_dataset\train\pho\pho_f9ac5144756a.jpg,pho,Phở,Vietnam,train,224,224,,,,,cb9fe8a8c53e,
train\pho\pho_f9af07d0aa85.jpg,D:\Machine Learning project\sea_food_dataset\train\pho\pho_f9af07d0aa85.jpg,pho,Phở,Vietnam,train,224,224,,,,,0398f20a799d,
train\pho\pho_f9e044206a66.jpg,D:\Machine Learning project\sea_food_dataset\train\pho\pho_f9e044206a66.jpg,pho,Phở,Vietnam,train,224,224,,,,,0b3eb6f302c8,
train\pho\pho_fa6d91c9b23d.jpg,D:\Machine Learning project\sea_food_dataset\train\pho\pho_fa6d91c9b23d.jpg,pho,Phở,Vietnam,train,224,224,,,,,614e35630fe4,
train\pho\pho_fad99f2554df.jpg,D:\Machine Learning project\sea_food_dataset\train\pho\pho_fad99f2554df.jpg,pho,Phở,Vietnam,train,224,224,,,,,1ce0e84459fd,
train\pho\pho_fbdbd75cc7ba.jpg,D:\Machine Learning project\sea_food_dataset\train\pho\pho_fbdbd75cc7ba.jpg,pho,Phở,Vietnam,train,224,224,,,,,321c961a4eb5,
train\pho\pho_fc91b37d7ac8.jpg,D:\Machine Learning project\sea_food_dataset\train\pho\pho_fc91b37d7ac8.jpg,pho,Phở,Vietnam,train,224,224,,,,,cd131a10233f,
train\pho\pho_fdc9a874cad6.jpg,D:\Machine Learning project\sea_food_dataset\train\pho\pho_fdc9a874cad6.jpg,pho,Phở,Vietnam,train,224,224,,,,,671257f0fdd5,
train\pho\pho_fe9d3f0ce4a9.jpg,D:\Machine Learning project\sea_food_dataset\train\pho\pho_fe9d3f0ce4a9.jpg,pho,Phở,Vietnam,train,224,224,,,,,863ac92fe924,
train\pho\pho_ff5ab1bd8c92.jpg,D:\Machine Learning project\sea_food_dataset\train\pho\pho_ff5ab1bd8c92.jpg,pho,Phở,Vietnam,train,224,224,,,,,726e560d0466,
train\pho\pho_ff761ed28e9f.jpg,D:\Machine Learning project\sea_food_dataset\train\pho\pho_ff761ed28e9f.jpg,pho,Phở,Vietnam,train,224,224,,,,,8f9eb6508439,
val\pho\pho_0147772b1b24.jpg,D:\Machine Learning project\sea_food_dataset\val\pho\pho_0147772b1b24.jpg,pho,Phở,Vietnam,val,224,224,,,,,94e7dfedd72b,
val\pho\pho_0216f3759412.jpg,D:\Machine Learning project\sea_food_dataset\val\pho\pho_0216f3759412.jpg,pho,Phở,Vietnam,val,224,224,,,,,42328f92f023,
val\pho\pho_0662a6cbf008.jpg,D:\Machine Learning project\sea_food_dataset\val\pho\pho_0662a6cbf008.jpg,pho,Phở,Vietnam,val,224,224,,,,,98663a8c4579,
val\pho\pho_11961a291894.jpg,D:\Machine Learning project\sea_food_dataset\val\pho\pho_11961a291894.jpg,pho,Phở,Vietnam,val,224,224,,,,,e601dd140e22,
val\pho\pho_1bb9a800e664.jpg,D:\Machine Learning project\sea_food_dataset\val\pho\pho_1bb9a800e664.jpg,pho,Phở,Vietnam,val,224,224,,,,,d665732ba437,
val\pho\pho_239c3d064011.jpg,D:\Machine Learning project\sea_food_dataset\val\pho\pho_239c3d064011.jpg,pho,Phở,Vietnam,val,224,224,,,,,de0e1af1552c,
val\pho\pho_27c7d21b503e.jpg,D:\Machine Learning project\sea_food_dataset\val\pho\pho_27c7d21b503e.jpg,pho,Phở,Vietnam,val,224,224,,,,,04e5a9122ae4,
val\pho\pho_3433301c000b.jpg,D:\Machine Learning project\sea_food_dataset\val\pho\pho_3433301c000b.jpg,pho,Phở,Vietnam,val,224,224,,,,,757c35082019,
val\pho\pho_37e6cd589c9d.jpg,D:\Machine Learning project\sea_food_dataset\val\pho\pho_37e6cd589c9d.jpg,pho,Phở,Vietnam,val,224,224,,,,,84ecf1c50dd0,
val\pho\pho_3a4a53f11f7f.jpg,D:\Machine Learning project\sea_food_dataset\val\pho\pho_3a4a53f11f7f.jpg,pho,Phở,Vietnam,val,224,224,,,,,35ebf4ced388,
val\pho\pho_3f0ca2cdbfe9.jpg,D:\Machine Learning project\sea_food_dataset\val\pho\pho_3f0ca2cdbfe9.jpg,pho,Phở,Vietnam,val,224,224,,,,,258f79554554,
val\pho\pho_402c1268f703.jpg,D:\Machine Learning project\sea_food_dataset\val\pho\pho_402c1268f703.jpg,pho,Phở,Vietnam,val,224,224,,,,,4a418ab5157e,
val\pho\pho_46d6d31dcd69.jpg,D:\Machine Learning project\sea_food_dataset\val\pho\pho_46d6d31dcd69.jpg,pho,Phở,Vietnam,val,224,224,,,,,f45014b6d0cb,
val\pho\pho_47a5b33b10ca.jpg,D:\Machine Learning project\sea_food_dataset\val\pho\pho_47a5b33b10ca.jpg,pho,Phở,Vietnam,val,224,224,,,,,c0f0bfc14a10,
val\pho\pho_4b85f5b758d1.jpg,D:\Machine Learning project\sea_food_dataset\val\pho\pho_4b85f5b758d1.jpg,pho,Phở,Vietnam,val,224,224,,,,,547c6fde5f01,
val\pho\pho_4e89df6a5295.jpg,D:\Machine Learning project\sea_food_dataset\val\pho\pho_4e89df6a5295.jpg,pho,Phở,Vietnam,val,224,224,,,,,2cf57b9d4260,
val\pho\pho_4ee07a507296.jpg,D:\Machine Learning project\sea_food_dataset\val\pho\pho_4ee07a507296.jpg,pho,Phở,Vietnam,val,224,224,,,,,d5de6f7d05a8,
val\pho\pho_5824a50999c4.jpg,D:\Machine Learning project\sea_food_dataset\val\pho\pho_5824a50999c4.jpg,pho,Phở,Vietnam,val,224,224,,,,,0a61229ea04b,
val\pho\pho_58ad54685e3c.jpg,D:\Machine Learning project\sea_food_dataset\val\pho\pho_58ad54685e3c.jpg,pho,Phở,Vietnam,val,224,224,,,,,9ab29985b914,
val\pho\pho_61652aa3446c.jpg,D:\Machine Learning project\sea_food_dataset\val\pho\pho_61652aa3446c.jpg,pho,Phở,Vietnam,val,224,224,,,,,b9651951b849,
val\pho\pho_65bb855215e9.jpg,D:\Machine Learning project\sea_food_dataset\val\pho\pho_65bb855215e9.jpg,pho,Phở,Vietnam,val,224,224,,,,,d9d2386e1502,
val\pho\pho_688dda42a234.jpg,D:\Machine Learning project\sea_food_dataset\val\pho\pho_688dda42a234.jpg,pho,Phở,Vietnam,val,224,224,,,,,86751224262b,
val\pho\pho_69124f7cefcb.jpg,D:\Machine Learning project\sea_food_dataset\val\pho\pho_69124f7cefcb.jpg,pho,Phở,Vietnam,val,224,224,,,,,6b0853f8c9e2,
val\pho\pho_70ed7b5db4f4.jpg,D:\Machine Learning project\sea_food_dataset\val\pho\pho_70ed7b5db4f4.jpg,pho,Phở,Vietnam,val,224,224,,,,,8fa576cb0989,
val\pho\pho_78a3998f9197.jpg,D:\Machine Learning project\sea_food_dataset\val\pho\pho_78a3998f9197.jpg,pho,Phở,Vietnam,val,224,224,,,,,61f049abae8b,
val\pho\pho_7c11d4664be1.jpg,D:\Machine Learning project\sea_food_dataset\val\pho\pho_7c11d4664be1.jpg,pho,Phở,Vietnam,val,224,224,,,,,b3df6622ade5,
val\pho\pho_8517cf55a9d3.jpg,D:\Machine Learning project\sea_food_dataset\val\pho\pho_8517cf55a9d3.jpg,pho,Phở,Vietnam,val,224,224,,,,,ebaf32f43bfe,
val\pho\pho_8902c3d09421.jpg,D:\Machine Learning project\sea_food_dataset\val\pho\pho_8902c3d09421.jpg,pho,Phở,Vietnam,val,224,224,,,,,2f3212e93f56,
val\pho\pho_8a88e3b04e61.jpg,D:\Machine Learning project\sea_food_dataset\val\pho\pho_8a88e3b04e61.jpg,pho,Phở,Vietnam,val,224,224,,,,,ed22d5bc18da,
val\pho\pho_8f9decbfc7b7.jpg,D:\Machine Learning project\sea_food_dataset\val\pho\pho_8f9decbfc7b7.jpg,pho,Phở,Vietnam,val,224,224,,,,,f6e8b0412193,
val\pho\pho_9ffef14c7ade.jpg,D:\Machine Learning project\sea_food_dataset\val\pho\pho_9ffef14c7ade.jpg,pho,Phở,Vietnam,val,224,224,,,,,63872549793e,
val\pho\pho_a073d6b5c56b.jpg,D:\Machine Learning project\sea_food_dataset\val\pho\pho_a073d6b5c56b.jpg,pho,Phở,Vietnam,val,224,224,,,,,767a65a9be10,
val\pho\pho_a64a54953d8a.jpg,D:\Machine Learning project\sea_food_dataset\val\pho\pho_a64a54953d8a.jpg,pho,Phở,Vietnam,val,224,224,,,,,403963a56f3f,
val\pho\pho_ac8e9fb6a243.jpg,D:\Machine Learning project\sea_food_dataset\val\pho\pho_ac8e9fb6a243.jpg,pho,Phở,Vietnam,val,224,224,,,,,7e0a16494ff5,
val\pho\pho_b69e4a82b129.jpg,D:\Machine Learning project\sea_food_dataset\val\pho\pho_b69e4a82b129.jpg,pho,Phở,Vietnam,val,224,224,,,,,64f8a1a11005,
val\pho\pho_c7dc97ce6239.jpg,D:\Machine Learning project\sea_food_dataset\val\pho\pho_c7dc97ce6239.jpg,pho,Phở,Vietnam,val,224,224,,,,,1e5e364f37b4,
val\pho\pho_c9625b833048.jpg,D:\Machine Learning project\sea_food_dataset\val\pho\pho_c9625b833048.jpg,pho,Phở,Vietnam,val,224,224,,,,,02203e841dda,
val\pho\pho_d5d9ae7a3314.jpg,D:\Machine Learning project\sea_food_dataset\val\pho\pho_d5d9ae7a3314.jpg,pho,Phở,Vietnam,val,224,224,,,,,706d1ee3c6d5,
val\pho\pho_e1e00b79195d.jpg,D:\Machine Learning project\sea_food_dataset\val\pho\pho_e1e00b79195d.jpg,pho,Phở,Vietnam,val,224,224,,,,,2a0969046159,
val\pho\pho_ed3e5a7cd6bd.jpg,D:\Machine Learning project\sea_food_dataset\val\pho\pho_ed3e5a7cd6bd.jpg,pho,Phở,Vietnam,val,224,224,,,,,c1b87821d8fe,
val\pho\pho_eefa7a6e8c5d.jpg,D:\Machine Learning project\sea_food_dataset\val\pho\pho_eefa7a6e8c5d.jpg,pho,Phở,Vietnam,val,224,224,,,,,bf72586e9e0e,
val\pho\pho_f03f01c8851e.jpg,D:\Machine Learning project\sea_food_dataset\val\pho\pho_f03f01c8851e.jpg,pho,Phở,Vietnam,val,224,224,,,,,02a730c73d70,
val\pho\pho_f08d248611a3.jpg,D:\Machine Learning project\sea_food_dataset\val\pho\pho_f08d248611a3.jpg,pho,Phở,Vietnam,val,224,224,,,,,59bce8f9c96f,
val\pho\pho_f605f69b70ca.jpg,D:\Machine Learning project\sea_food_dataset\val\pho\pho_f605f69b70ca.jpg,pho,Phở,Vietnam,val,224,224,,,,,4ee76a4172b3,
val\pho\pho_f6d1b10ae485.jpg,D:\Machine Learning project\sea_food_dataset\val\pho\pho_f6d1b10ae485.jpg,pho,Phở,Vietnam,val,224,224,,,,,fe22710bd628,
val\pho\pho_fdae38d70c04.jpg,D:\Machine Learning project\sea_food_dataset\val\pho\pho_fdae38d70c04.jpg,pho,Phở,Vietnam,val,224,224,,,,,5ceacd233f84,
test\pho\pho_0d0cbb15dc2d.jpg,D:\Machine Learning project\sea_food_dataset\test\pho\pho_0d0cbb15dc2d.jpg,pho,Phở,Vietnam,test,224,224,,,,,88c0307755bd,
test\pho\pho_11cac3ba73ba.jpg,D:\Machine Learning project\sea_food_dataset\test\pho\pho_11cac3ba73ba.jpg,pho,Phở,Vietnam,test,224,224,,,,,cf27179e927f,
test\pho\pho_14110e7b9727.jpg,D:\Machine Learning project\sea_food_dataset\test\pho\pho_14110e7b9727.jpg,pho,Phở,Vietnam,test,224,224,,,,,d00eca6aa061,
test\pho\pho_14a37dcb6d58.jpg,D:\Machine Learning project\sea_food_dataset\test\pho\pho_14a37dcb6d58.jpg,pho,Phở,Vietnam,test,224,224,,,,,d0b0a0144af1,
test\pho\pho_1906e302b172.jpg,D:\Machine Learning project\sea_food_dataset\test\pho\pho_1906e302b172.jpg,pho,Phở,Vietnam,test,224,224,,,,,7af84587f036,
test\pho\pho_1b99c78c7170.jpg,D:\Machine Learning project\sea_food_dataset\test\pho\pho_1b99c78c7170.jpg,pho,Phở,Vietnam,test,224,224,,,,,5dce3530a2b7,
test\pho\pho_1e26533113e3.jpg,D:\Machine Learning project\sea_food_dataset\test\pho\pho_1e26533113e3.jpg,pho,Phở,Vietnam,test,224,224,,,,,2a937e23ca6f,
test\pho\pho_20dc35e191bc.jpg,D:\Machine Learning project\sea_food_dataset\test\pho\pho_20dc35e191bc.jpg,pho,Phở,Vietnam,test,224,224,,,,,93bcc1178602,
test\pho\pho_260f0cfc9e20.jpg,D:\Machine Learning project\sea_food_dataset\test\pho\pho_260f0cfc9e20.jpg,pho,Phở,Vietnam,test,224,224,,,,,11c59c584f6a,
test\pho\pho_2cc730b69845.jpg,D:\Machine Learning project\sea_food_dataset\test\pho\pho_2cc730b69845.jpg,pho,Phở,Vietnam,test,224,224,,,,,2f53431c9d92,
test\pho\pho_31015ca712fd.jpg,D:\Machine Learning project\sea_food_dataset\test\pho\pho_31015ca712fd.jpg,pho,Phở,Vietnam,test,224,224,,,,,11ce26a18d23,
test\pho\pho_42e27ef49f99.jpg,D:\Machine Learning project\sea_food_dataset\test\pho\pho_42e27ef49f99.jpg,pho,Phở,Vietnam,test,224,224,,,,,0cf9e531ad63,
test\pho\pho_4a289c301444.jpg,D:\Machine Learning project\sea_food_dataset\test\pho\pho_4a289c301444.jpg,pho,Phở,Vietnam,test,224,224,,,,,b92c4e4387de,
test\pho\pho_515fdc139a5d.jpg,D:\Machine Learning project\sea_food_dataset\test\pho\pho_515fdc139a5d.jpg,pho,Phở,Vietnam,test,224,224,,,,,81e200cc9b13,
test\pho\pho_537627617378.jpg,D:\Machine Learning project\sea_food_dataset\test\pho\pho_537627617378.jpg,pho,Phở,Vietnam,test,224,224,,,,,c2628a04bddd,
test\pho\pho_54b4e34f1f35.jpg,D:\Machine Learning project\sea_food_dataset\test\pho\pho_54b4e34f1f35.jpg,pho,Phở,Vietnam,test,224,224,,,,,bfe365b367de,
test\pho\pho_55db88fbc812.jpg,D:\Machine Learning project\sea_food_dataset\test\pho\pho_55db88fbc812.jpg,pho,Phở,Vietnam,test,224,224,,,,,fceee2e53252,
test\pho\pho_5b25f2521e06.jpg,D:\Machine Learning project\sea_food_dataset\test\pho\pho_5b25f2521e06.jpg,pho,Phở,Vietnam,test,224,224,,,,,b874bf2907af,
test\pho\pho_5f080615a373.jpg,D:\Machine Learning project\sea_food_dataset\test\pho\pho_5f080615a373.jpg,pho,Phở,Vietnam,test,224,224,,,,,ecc0b0ae7c74,
test\pho\pho_60562beac663.jpg,D:\Machine Learning project\sea_food_dataset\test\pho\pho_60562beac663.jpg,pho,Phở,Vietnam,test,224,224,,,,,e8833a048fd4,
test\pho\pho_61494e4ce0a3.jpg,D:\Machine Learning project\sea_food_dataset\test\pho\pho_61494e4ce0a3.jpg,pho,Phở,Vietnam,test,224,224,,,,,2a6ecefe87f0,
test\pho\pho_66511b139139.jpg,D:\Machine Learning project\sea_food_dataset\test\pho\pho_66511b139139.jpg,pho,Phở,Vietnam,test,224,224,,,,,6dc325677900,
test\pho\pho_6e1bc0cd58e9.jpg,D:\Machine Learning project\sea_food_dataset\test\pho\pho_6e1bc0cd58e9.jpg,pho,Phở,Vietnam,test,224,224,,,,,d25675230d87,
test\pho\pho_71fc033255b8.jpg,D:\Machine Learning project\sea_food_dataset\test\pho\pho_71fc033255b8.jpg,pho,Phở,Vietnam,test,224,224,,,,,8f6bfcbefc6d,
test\pho\pho_7373e271b0f2.jpg,D:\Machine Learning project\sea_food_dataset\test\pho\pho_7373e271b0f2.jpg,pho,Phở,Vietnam,test,224,224,,,,,6c1829578f59,
test\pho\pho_786e66b40a23.jpg,D:\Machine Learning project\sea_food_dataset\test\pho\pho_786e66b40a23.jpg,pho,Phở,Vietnam,test,224,224,,,,,e970fb914f5c,
test\pho\pho_7accbb268a9b.jpg,D:\Machine Learning project\sea_food_dataset\test\pho\pho_7accbb268a9b.jpg,pho,Phở,Vietnam,test,224,224,,,,,3dd359412a47,
test\pho\pho_7cd08f68249b.jpg,D:\Machine Learning project\sea_food_dataset\test\pho\pho_7cd08f68249b.jpg,pho,Phở,Vietnam,test,224,224,,,,,75ca7491f884,
test\pho\pho_8fab40e6581f.jpg,D:\Machine Learning project\sea_food_dataset\test\pho\pho_8fab40e6581f.jpg,pho,Phở,Vietnam,test,224,224,,,,,e4b4538b218c,
test\pho\pho_9454d64a5782.jpg,D:\Machine Learning project\sea_food_dataset\test\pho\pho_9454d64a5782.jpg,pho,Phở,Vietnam,test,224,224,,,,,c59d47d6259b,
test\pho\pho_94be0d7242be.jpg,D:\Machine Learning project\sea_food_dataset\test\pho\pho_94be0d7242be.jpg,pho,Phở,Vietnam,test,224,224,,,,,d22f79978461,
test\pho\pho_9b5c1e60dfa5.jpg,D:\Machine Learning project\sea_food_dataset\test\pho\pho_9b5c1e60dfa5.jpg,pho,Phở,Vietnam,test,224,224,,,,,5a9a6dd84804,
test\pho\pho_a6fbc3d23325.jpg,D:\Machine Learning project\sea_food_dataset\test\pho\pho_a6fbc3d23325.jpg,pho,Phở,Vietnam,test,224,224,,,,,d0df284092bb,
test\pho\pho_ad409187c90a.jpg,D:\Machine Learning project\sea_food_dataset\test\pho\pho_ad409187c90a.jpg,pho,Phở,Vietnam,test,224,224,,,,,8169f31e2193,
test\pho\pho_b714cd12dbdb.jpg,D:\Machine Learning project\sea_food_dataset\test\pho\pho_b714cd12dbdb.jpg,pho,Phở,Vietnam,test,224,224,,,,,7606f99843ef,
test\pho\pho_ba71d31e09b5.jpg,D:\Machine Learning project\sea_food_dataset\test\pho\pho_ba71d31e09b5.jpg,pho,Phở,Vietnam,test,224,224,,,,,f306cb70c582,
test\pho\pho_c169ca45c9c9.jpg,D:\Machine Learning project\sea_food_dataset\test\pho\pho_c169ca45c9c9.jpg,pho,Phở,Vietnam,test,224,224,,,,,dc076ea60803,
test\pho\pho_c36196195b9f.jpg,D:\Machine Learning project\sea_food_dataset\test\pho\pho_c36196195b9f.jpg,pho,Phở,Vietnam,test,224,224,,,,,4fb01ece81a2,
test\pho\pho_d1b48b291a33.jpg,D:\Machine Learning project\sea_food_dataset\test\pho\pho_d1b48b291a33.jpg,pho,Phở,Vietnam,test,224,224,,,,,cc56244487e8,
test\pho\pho_d1f75570a967.jpg,D:\Machine Learning project\sea_food_dataset\test\pho\pho_d1f75570a967.jpg,pho,Phở,Vietnam,test,224,224,,,,,a7931902a901,
test\pho\pho_d6320261e54d.jpg,D:\Machine Learning project\sea_food_dataset\test\pho\pho_d6320261e54d.jpg,pho,Phở,Vietnam,test,224,224,,,,,e6e991a28ecd,
test\pho\pho_d6eac6cf40d7.jpg,D:\Machine Learning project\sea_food_dataset\test\pho\pho_d6eac6cf40d7.jpg,pho,Phở,Vietnam,test,224,224,,,,,f91a78de1d46,
test\pho\pho_db6fd1b50be3.jpg,D:\Machine Learning project\sea_food_dataset\test\pho\pho_db6fd1b50be3.jpg,pho,Phở,Vietnam,test,224,224,,,,,bfd55617c533,
test\pho\pho_dbe272b6380d.jpg,D:\Machine Learning project\sea_food_dataset\test\pho\pho_dbe272b6380d.jpg,pho,Phở,Vietnam,test,224,224,,,,,a7153cf7adef,
test\pho\pho_e6e520a1c80f.jpg,D:\Machine Learning project\sea_food_dataset\test\pho\pho_e6e520a1c80f.jpg,pho,Phở,Vietnam,test,224,224,,,,,311b3a310df8,
test\pho\pho_f96e2f341a67.jpg,D:\Machine Learning project\sea_food_dataset\test\pho\pho_f96e2f341a67.jpg,pho,Phở,Vietnam,test,224,224,,,,,f0509cc262b1,
test\pho\pho_fdafdd882ebb.jpg,D:\Machine Learning project\sea_food_dataset\test\pho\pho_fdafdd882ebb.jpg,pho,Phở,Vietnam,test,224,224,,,,,49f9388ddc1d,
